CustomerID,2010 revenue,days_since_first_purchase,days_since_last_purchase,number_of_purchases,avg_order_cost,2011 revenue
12347.0,711.79,23.0,23.0,1.0,711.79,3598.2100000000005
12348.0,892.8,14.0,14.0,1.0,892.8,904.4399999999999
12370.0,1868.02,16.0,13.0,2.0,934.01,1677.67
12377.0,1001.5200000000002,10.0,10.0,1.0,1001.5200000000002,626.5999999999999
12383.0,600.72,8.0,8.0,1.0,600.72,1249.84
12386.0,258.9,22.0,22.0,1.0,258.9,143.0
12395.0,679.9199999999998,27.0,13.0,2.0,339.9599999999999,2338.71
12417.0,291.34,13.0,13.0,1.0,291.34,3357.7599999999998
12423.0,237.93000000000004,9.0,9.0,1.0,237.93000000000004,1621.38
12427.0,303.5,27.0,27.0,1.0,303.5,522.3
12429.0,1281.5000000000002,21.0,21.0,1.0,1281.5000000000002,2468.9
12431.0,773.95,29.0,13.0,2.0,386.975,5713.5
12472.0,1631.3000000000009,25.0,25.0,1.0,1631.3000000000009,4940.8099999999995
12476.0,12.45,17.0,17.0,1.0,12.45,6803.9699999999975
12481.0,791.3399999999999,21.0,10.0,2.0,395.66999999999996,4804.9800000000005
12494.0,62.55,21.0,14.0,2.0,31.275,1183.55
12540.0,881.0099999999998,17.0,17.0,1.0,881.0099999999998,12519.229999999998
12557.0,620.0,27.0,27.0,1.0,620.0,11370.96
12567.0,1942.38,25.0,23.0,2.0,971.19,7458.900000000001
12577.0,195.89000000000001,15.0,15.0,1.0,195.89000000000001,461.91000000000014
12583.0,855.8599999999999,29.0,29.0,1.0,855.8599999999999,6425.52
12585.0,1262.8500000000001,7.0,7.0,1.0,1262.8500000000001,777.25
12600.0,274.8,27.0,13.0,2.0,137.4,2324.2400000000002
12621.0,1383.65,21.0,13.0,2.0,691.825,12306.02
12647.0,1193.6,25.0,13.0,3.0,397.8666666666666,2529.22
12662.0,261.48,29.0,29.0,1.0,261.48,3588.3
12668.0,469.86999999999995,11.0,11.0,1.0,469.86999999999995,3337.2800000000007
12678.0,221.28,9.0,9.0,1.0,221.28,17407.179999999997
12681.0,2118.1099999999997,23.0,10.0,2.0,1059.0549999999998,11669.43
12682.0,1075.29,27.0,21.0,2.0,537.645,11212.93
12683.0,1063.0800000000002,21.0,21.0,1.0,1063.0800000000002,7413.490000000002
12691.0,180.00000000000003,13.0,13.0,1.0,180.00000000000003,855.8000000000001
12705.0,858.0,13.0,13.0,1.0,858.0,6010.289999999999
12708.0,196.44,24.0,24.0,1.0,196.44,2516.47
12709.0,1315.69,22.0,13.0,2.0,657.845,8420.83
12712.0,470.63,27.0,21.0,2.0,235.315,3925.5000000000005
12720.0,657.13,25.0,13.0,2.0,328.565,5124.6
12721.0,286.59999999999997,10.0,10.0,1.0,286.59999999999997,2369.5299999999997
12726.0,170.28000000000003,13.0,13.0,1.0,170.28000000000003,2438.8199999999997
12731.0,1071.9,20.0,20.0,1.0,1071.9,17824.01
12747.0,706.27,25.0,17.0,2.0,353.135,3489.7399999999993
12763.0,320.08,25.0,25.0,1.0,320.08,174.0
12766.0,1149.2900000000002,22.0,22.0,1.0,1149.2900000000002,5840.340000000001
12779.0,248.16,27.0,27.0,1.0,248.16,3733.2000000000003
12782.0,463.5,13.0,13.0,1.0,463.5,1867.42
12793.0,131.8,27.0,27.0,1.0,131.8,413.68
12808.0,129.4,24.0,24.0,1.0,129.4,354.25
12826.0,155.0,21.0,21.0,1.0,155.0,1319.7199999999998
12829.0,85.75,16.0,16.0,1.0,85.75,207.25
12838.0,390.7900000000002,29.0,29.0,1.0,390.7900000000002,292.3399999999998
12839.0,737.45,23.0,13.0,2.0,368.725,4853.969999999999
12841.0,505.99,27.0,25.0,2.0,252.995,3516.3600000000006
12867.0,362.78999999999996,16.0,16.0,1.0,362.78999999999996,3674.0300000000007
12868.0,203.3,29.0,29.0,1.0,203.3,1403.76
12872.0,378.5299999999999,21.0,21.0,1.0,378.5299999999999,221.44000000000003
12875.0,293.76000000000005,18.0,18.0,1.0,293.76000000000005,49.470000000000006
12877.0,150.06000000000003,14.0,14.0,1.0,150.06000000000003,1385.7099999999998
12913.0,417.62,24.0,24.0,1.0,417.62,2066.01
12915.0,199.65,28.0,28.0,1.0,199.65,164.0
12921.0,687.8,29.0,22.0,2.0,343.9,15899.290000000003
12928.0,392.34,15.0,15.0,1.0,392.34,1670.3600000000001
12931.0,177.0,13.0,13.0,1.0,177.0,41878.96
12942.0,258.75000000000006,21.0,21.0,1.0,258.75000000000006,425.15000000000003
12944.0,286.95,10.0,10.0,1.0,286.95,317.56000000000006
12947.0,304.03999999999996,29.0,29.0,1.0,304.03999999999996,1299.9499999999998
12963.0,365.80000000000007,21.0,21.0,1.0,365.80000000000007,1490.8300000000002
12971.0,436.19000000000005,28.0,9.0,5.0,87.23800000000001,10753.719999999996
12980.0,889.32,14.0,14.0,1.0,889.32,6485.58
12989.0,202.5,20.0,20.0,1.0,202.5,6721.609999999999
13000.0,201.75000000000003,20.0,20.0,1.0,201.75000000000003,333.09999999999997
13004.0,357.01,13.0,13.0,1.0,357.01,5298.9
13013.0,1528.3400000000001,27.0,27.0,1.0,1528.3400000000001,3282.6
13021.0,157.35000000000002,14.0,14.0,1.0,157.35000000000002,2459.03
13027.0,1440.0,10.0,10.0,1.0,1440.0,5472.0
13029.0,382.5,9.0,9.0,1.0,382.5,865.0
13030.0,427.73999999999995,24.0,24.0,1.0,427.73999999999995,371.74
13034.0,165.86,25.0,25.0,1.0,165.86,476.90999999999997
13047.0,366.63,29.0,29.0,1.0,366.63,2870.91
13050.0,1199.8700000000001,22.0,10.0,4.0,299.96750000000003,4636.99
13069.0,644.12,25.0,17.0,2.0,322.06,3792.0
13077.0,313.71999999999997,22.0,22.0,1.0,313.71999999999997,415.54999999999995
13078.0,881.16,22.0,15.0,2.0,440.58,11746.779999999999
13081.0,2366.7799999999993,27.0,27.0,1.0,2366.7799999999993,25970.599999999995
13090.0,1008.4,28.0,21.0,2.0,504.2,7902.42
13092.0,185.45,15.0,15.0,1.0,185.45,292.38
13094.0,223.68,24.0,24.0,1.0,223.68,1703.64
13097.0,304.90000000000003,16.0,16.0,1.0,304.90000000000003,5705.5199999999995
13102.0,673.9200000000001,21.0,16.0,2.0,336.96000000000004,5750.170000000001
13104.0,101.76,10.0,10.0,1.0,101.76,996.72
13113.0,372.96999999999997,22.0,22.0,1.0,372.96999999999997,11872.989999999998
13117.0,388.15,28.0,21.0,2.0,194.075,596.76
13124.0,1256.3200000000004,15.0,15.0,1.0,1256.3200000000004,2610.01
13126.0,223.44,22.0,22.0,1.0,223.44,1876.2
13138.0,193.23000000000002,28.0,28.0,1.0,193.23000000000002,769.1600000000001
13140.0,159.51,22.0,22.0,1.0,159.51,264.21000000000004
13145.0,295.0,28.0,28.0,1.0,295.0,323.52000000000004
13148.0,309.4,20.0,20.0,1.0,309.4,3397.7199999999993
13155.0,379.69999999999993,24.0,24.0,1.0,379.69999999999993,592.0600000000001
13165.0,354.64,7.0,7.0,1.0,354.64,666.84
13173.0,165.94000000000003,23.0,23.0,1.0,165.94000000000003,187.71
13174.0,1415.9700000000003,25.0,25.0,1.0,1415.9700000000003,1401.06
13178.0,709.9999999999999,16.0,16.0,1.0,709.9999999999999,5015.470000000001
13198.0,384.54999999999995,17.0,17.0,1.0,384.54999999999995,3016.69
13199.0,711.8,22.0,14.0,2.0,355.9,9105.32
13209.0,318.84999999999997,17.0,17.0,1.0,318.84999999999997,5572.76
13211.0,110.7,17.0,17.0,1.0,110.7,1086.72
13221.0,498.15999999999997,15.0,15.0,1.0,498.15999999999997,349.25
13225.0,1206.72,17.0,17.0,1.0,1206.72,5257.120000000001
13230.0,93.45,21.0,21.0,1.0,93.45,2713.5200000000004
13238.0,91.15,16.0,16.0,1.0,91.15,609.58
13240.0,224.07,21.0,21.0,1.0,224.07,439.5799999999999
13255.0,225.70000000000002,29.0,29.0,1.0,225.70000000000002,173.81
13267.0,622.3000000000001,22.0,16.0,2.0,311.15000000000003,3899.1900000000005
13269.0,662.17,25.0,17.0,2.0,331.085,4684.0599999999995
13305.0,136.2,28.0,28.0,1.0,136.2,1864.66
13317.0,238.05,14.0,14.0,1.0,238.05,2035.63
13319.0,1551.0800000000004,21.0,10.0,2.0,775.5400000000002,9294.47
13324.0,650.1,16.0,16.0,1.0,650.1,6471.849999999999
13327.0,745.0,21.0,21.0,1.0,745.0,2882.77
13329.0,304.19999999999993,22.0,22.0,1.0,304.19999999999993,484.79999999999995
13402.0,308.28,28.0,28.0,1.0,308.28,312.94999999999993
13408.0,3031.2,29.0,14.0,4.0,757.8,25085.83999999999
13418.0,1579.6200000000001,28.0,15.0,3.0,526.5400000000001,4547.8099999999995
13426.0,336.98,15.0,15.0,1.0,336.98,3304.34
13448.0,829.54,29.0,20.0,2.0,414.77,2709.83
13455.0,692.9399999999999,22.0,22.0,1.0,692.9399999999999,365.40000000000003
13458.0,1185.8600000000001,15.0,15.0,1.0,1185.8600000000001,8460.71
13468.0,911.0,29.0,14.0,3.0,303.6666666666667,4793.97
13487.0,193.15000000000003,9.0,9.0,1.0,193.15000000000003,382.25
13488.0,1381.9199999999998,23.0,23.0,1.0,1381.9199999999998,7586.389999999999
13491.0,196.4,28.0,15.0,2.0,98.2,1019.42
13495.0,865.43,24.0,15.0,2.0,432.715,1179.44
13496.0,501.01000000000005,15.0,15.0,1.0,501.01000000000005,152.32
13497.0,153.50000000000003,24.0,24.0,1.0,153.50000000000003,194.55
13506.0,301.11999999999995,25.0,25.0,1.0,301.11999999999995,157.4
13520.0,303.4,27.0,27.0,1.0,303.4,3320.95
13523.0,566.9499999999999,22.0,22.0,1.0,566.9499999999999,3397.93
13531.0,305.45,22.0,22.0,1.0,305.45,178.35000000000002
13534.0,283.2,14.0,14.0,1.0,283.2,5586.880000000001
13564.0,1198.3799999999999,24.0,10.0,2.0,599.1899999999999,550.64
13569.0,118.32000000000001,23.0,23.0,1.0,118.32000000000001,255.42999999999995
13576.0,349.15000000000003,29.0,29.0,1.0,349.15000000000003,6368.1900000000005
13579.0,164.7,25.0,25.0,1.0,164.7,302.34000000000003
13599.0,352.84000000000003,22.0,22.0,1.0,352.84000000000003,4800.830000000001
13611.0,303.15,15.0,15.0,1.0,303.15,868.6499999999999
13627.0,311.19,13.0,13.0,1.0,311.19,1327.28
13649.0,197.8,22.0,22.0,1.0,197.8,148.8
13652.0,308.80000000000007,24.0,24.0,1.0,308.80000000000007,786.28
13668.0,177.66000000000003,18.0,18.0,1.0,177.66000000000003,6185.93
13705.0,318.14,29.0,29.0,1.0,318.14,393.72
13715.0,496.63000000000005,28.0,18.0,2.0,248.31500000000003,582.71
13748.0,204.0,29.0,29.0,1.0,204.0,744.2500000000001
13756.0,1004.4000000000001,23.0,14.0,3.0,334.8,4185.120000000001
13758.0,718.8499999999999,29.0,22.0,2.0,359.42499999999995,2471.7000000000003
13767.0,2439.3599999999997,29.0,14.0,6.0,406.55999999999995,14780.999999999998
13769.0,322.3,23.0,23.0,1.0,322.3,2474.21
13787.0,106.39999999999999,20.0,20.0,1.0,106.39999999999999,202.64000000000004
13817.0,128.70000000000002,7.0,7.0,1.0,128.70000000000002,254.28
13831.0,408.0,25.0,25.0,1.0,408.0,1794.9899999999998
13838.0,238.10999999999993,25.0,25.0,1.0,238.10999999999993,453.62
13842.0,310.57000000000005,22.0,22.0,1.0,310.57000000000005,3075.05
13846.0,411.4000000000001,16.0,16.0,1.0,411.4000000000001,453.66
13848.0,320.0,22.0,22.0,1.0,320.0,935.0
13854.0,609.4399999999999,21.0,13.0,2.0,304.71999999999997,7500.08
13869.0,323.62,13.0,13.0,1.0,323.62,2781.33
13880.0,97.8,23.0,23.0,1.0,97.8,3121.9700000000003
13890.0,190.35,14.0,14.0,1.0,190.35,1693.46
13941.0,1095.1200000000001,28.0,28.0,1.0,1095.1200000000001,4017.84
13953.0,500.0,8.0,8.0,1.0,500.0,3015.6800000000003
13959.0,214.74,18.0,18.0,1.0,214.74,383.46000000000004
13963.0,151.29999999999998,23.0,23.0,1.0,151.29999999999998,513.24
13969.0,317.59000000000003,21.0,21.0,1.0,317.59000000000003,8736.35
13982.0,428.59999999999997,21.0,21.0,1.0,428.59999999999997,1443.21
13983.0,329.35999999999996,22.0,22.0,1.0,329.35999999999996,2274.0700000000006
13984.0,154.79999999999998,22.0,22.0,1.0,154.79999999999998,765.71
13999.0,302.1,17.0,17.0,1.0,302.1,3599.71
14001.0,301.24,29.0,29.0,1.0,301.24,1741.8400000000001
14016.0,753.7399999999998,13.0,13.0,1.0,753.7399999999998,3587.4700000000007
14030.0,676.5000000000001,22.0,22.0,1.0,676.5000000000001,1683.59
14031.0,2568.9500000000003,28.0,13.0,3.0,856.3166666666667,14717.91
14032.0,619.4200000000001,22.0,11.0,2.0,309.71000000000004,2356.17
14037.0,111.80000000000003,20.0,20.0,1.0,111.80000000000003,35.400000000000006
14045.0,326.4,29.0,29.0,1.0,326.4,1333.35
14047.0,286.91999999999996,28.0,28.0,1.0,286.91999999999996,1021.6899999999999
14051.0,1828.1600000000003,22.0,10.0,3.0,609.3866666666668,13782.230000000001
14057.0,925.92,16.0,16.0,1.0,925.92,5292.040000000001
14060.0,874.04,28.0,15.0,3.0,291.34666666666664,5266.379999999999
14062.0,1444.12,20.0,10.0,2.0,722.06,9020.73
14078.0,136.24,29.0,29.0,1.0,136.24,913.1299999999999
14081.0,423.51999999999987,25.0,25.0,1.0,423.51999999999987,510.9999999999998
14083.0,459.89000000000016,27.0,10.0,2.0,229.94500000000008,558.54
14085.0,1190.2400000000002,24.0,7.0,3.0,396.7466666666667,3258.3
14092.0,601.73,14.0,8.0,2.0,300.865,3475.1800000000003
14099.0,383.5200000000001,10.0,10.0,1.0,383.5200000000001,2720.65
14107.0,363.23999999999995,20.0,20.0,1.0,363.23999999999995,2339.99
14113.0,433.5,10.0,10.0,1.0,433.5,1406.92
14135.0,947.0500000000001,28.0,9.0,3.0,315.68333333333334,3743.2600000000007
14146.0,1241.4299999999998,13.0,13.0,1.0,1241.4299999999998,2949.5700000000006
14150.0,306.18,15.0,15.0,1.0,306.18,352.46
14159.0,193.21999999999997,18.0,18.0,1.0,193.21999999999997,4499.79
14161.0,283.15,25.0,25.0,1.0,283.15,827.3700000000001
14176.0,159.55,23.0,23.0,1.0,159.55,417.35
14180.0,896.2500000000001,28.0,14.0,3.0,298.75000000000006,3852.2700000000004
14189.0,311.24,24.0,24.0,1.0,311.24,4342.839999999999
14201.0,67.24000000000001,15.0,15.0,1.0,67.24000000000001,680.2
14210.0,304.95,27.0,27.0,1.0,304.95,1600.8899999999999
14215.0,166.0,24.0,24.0,1.0,166.0,1623.7200000000003
14217.0,118.30000000000001,22.0,22.0,1.0,118.30000000000001,1886.6799999999996
14220.0,312.98,14.0,14.0,1.0,312.98,319.42
14236.0,189.3,28.0,28.0,1.0,189.3,301.55999999999995
14243.0,472.0,21.0,13.0,2.0,236.0,2116.77
14256.0,523.8599999999999,20.0,20.0,1.0,523.8599999999999,445.19999999999993
14282.0,571.0,23.0,23.0,1.0,571.0,3158.34
14290.0,777.5600000000002,17.0,17.0,1.0,777.5600000000002,1537.0900000000001
14293.0,364.92,24.0,24.0,1.0,364.92,681.6400000000001
14299.0,429.24,21.0,21.0,1.0,429.24,3536.3799999999997
14307.0,783.11,29.0,29.0,1.0,783.11,2212.61
14309.0,147.75,14.0,14.0,1.0,147.75,2204.78
14334.0,320.15,14.0,14.0,1.0,320.15,2232.06
14344.0,355.65000000000003,24.0,14.0,3.0,118.55000000000001,534.28
14388.0,312.8,28.0,28.0,1.0,312.8,2900.04
14390.0,223.70000000000005,28.0,28.0,1.0,223.70000000000005,4429.12
14395.0,308.68,28.0,28.0,1.0,308.68,3199.0299999999997
14396.0,110.35000000000004,27.0,27.0,1.0,110.35000000000004,377.64
14401.0,247.38000000000002,15.0,15.0,1.0,247.38000000000002,3804.1
14404.0,133.48000000000002,25.0,25.0,1.0,133.48000000000002,1340.84
14409.0,328.80000000000007,24.0,24.0,1.0,328.80000000000007,1730.6499999999999
14414.0,217.2,14.0,14.0,1.0,217.2,1279.7799999999997
14415.0,875.1800000000001,16.0,16.0,1.0,875.1800000000001,5025.1
14419.0,124.1,20.0,20.0,1.0,124.1,933.96
14440.0,656.7,21.0,21.0,1.0,656.7,1700.98
14443.0,303.50000000000006,24.0,24.0,1.0,303.50000000000006,1116.6999999999998
14448.0,102.35,20.0,20.0,1.0,102.35,273.0
14449.0,210.23999999999992,28.0,28.0,1.0,210.23999999999992,696.86
14466.0,379.75,28.0,28.0,1.0,379.75,1892.65
14472.0,279.88000000000005,11.0,11.0,1.0,279.88000000000005,1656.9600000000003
14479.0,174.39999999999998,21.0,21.0,1.0,174.39999999999998,141.85000000000002
14487.0,125.10000000000001,24.0,24.0,1.0,125.10000000000001,1071.2299999999998
14491.0,127.2,28.0,28.0,1.0,127.2,213.73
14496.0,304.34,29.0,29.0,1.0,304.34,234.47
14498.0,166.22000000000003,17.0,17.0,1.0,166.22000000000003,1791.1000000000001
14505.0,1050.35,18.0,18.0,1.0,1050.35,4855.29
14506.0,269.69999999999993,25.0,25.0,1.0,269.69999999999993,1742.4699999999996
14524.0,275.44999999999993,16.0,16.0,1.0,275.44999999999993,1592.2300000000002
14525.0,462.2999999999999,17.0,17.0,1.0,462.2999999999999,3869.9
14527.0,925.4899999999999,25.0,10.0,4.0,231.37249999999997,7583.329999999998
14532.0,222.60000000000002,8.0,8.0,1.0,222.60000000000002,710.25
14533.0,433.50000000000006,8.0,8.0,1.0,433.50000000000006,1516.2200000000003
14543.0,254.4,20.0,20.0,1.0,254.4,3375.9300000000003
14544.0,1121.92,17.0,17.0,1.0,1121.92,902.5300000000002
14560.0,408.17,13.0,13.0,1.0,408.17,1829.6000000000001
14565.0,1167.4100000000003,17.0,17.0,1.0,1167.4100000000003,1931.71
14573.0,413.0999999999998,28.0,28.0,1.0,413.0999999999998,1240.32
14577.0,346.9,18.0,18.0,1.0,346.9,512.81
14594.0,254.99999999999994,29.0,29.0,1.0,254.99999999999994,124.83000000000001
14606.0,1246.6599999999999,29.0,8.0,7.0,178.0942857142857,10909.989999999996
14608.0,204.0,18.0,18.0,1.0,204.0,1581.1499999999999
14621.0,305.7,14.0,14.0,1.0,305.7,1482.6600000000003
14625.0,585.53,17.0,17.0,1.0,585.53,314.1
14639.0,676.5399999999998,17.0,17.0,1.0,676.5399999999998,2307.9499999999994
14643.0,357.94000000000005,14.0,14.0,1.0,357.94000000000005,335.87
14667.0,1998.1000000000006,24.0,16.0,4.0,499.52500000000015,7243.1
14673.0,373.49,23.0,23.0,1.0,373.49,1362.9099999999999
14680.0,2875.3999999999996,27.0,16.0,2.0,1437.6999999999998,25878.71
14684.0,168.35999999999999,18.0,18.0,1.0,168.35999999999999,1067.92
14688.0,444.97999999999996,29.0,29.0,1.0,444.97999999999996,5185.889999999999
14696.0,294.62,29.0,29.0,1.0,294.62,1784.33
14702.0,318.7,21.0,21.0,1.0,318.7,2973.44
14708.0,419.0600000000001,24.0,24.0,1.0,419.0600000000001,707.31
14709.0,314.1,14.0,14.0,1.0,314.1,4606.9400000000005
14713.0,425.85000000000014,21.0,14.0,2.0,212.92500000000007,2240.51
14723.0,471.0,27.0,14.0,2.0,235.5,687.2999999999997
14735.0,252.2,14.0,14.0,1.0,252.2,5813.49
14737.0,434.0,9.0,9.0,1.0,434.0,730.55
14739.0,713.8800000000001,23.0,23.0,1.0,713.8800000000001,3188.3999999999996
14741.0,495.3,28.0,17.0,2.0,247.65,905.04
14744.0,225.0,22.0,22.0,1.0,225.0,874.98
14748.0,470.4199999999999,24.0,24.0,1.0,470.4199999999999,945.3299999999999
14766.0,180.39999999999998,22.0,22.0,1.0,180.39999999999998,2292.9700000000003
14769.0,347.01,13.0,13.0,1.0,347.01,10327.739999999998
14775.0,406.56,28.0,28.0,1.0,406.56,605.3399999999999
14796.0,1028.82,22.0,17.0,2.0,514.41,6993.669999999999
14800.0,1219.85,25.0,18.0,2.0,609.925,3119.89
14810.0,180.44,25.0,25.0,1.0,180.44,1907.44
14825.0,396.43000000000006,24.0,14.0,2.0,198.21500000000003,1830.48
14829.0,385.33,28.0,16.0,2.0,192.665,312.22
14841.0,395.15999999999997,14.0,14.0,1.0,395.15999999999997,2900.6000000000004
14849.0,566.89,29.0,14.0,2.0,283.445,7363.649999999999
14865.0,37.2,28.0,28.0,1.0,37.2,15.0
14866.0,103.67999999999999,22.0,22.0,1.0,103.67999999999999,14286.220000000001
14871.0,140.40000000000003,16.0,16.0,1.0,140.40000000000003,381.98
14878.0,322.01,14.0,14.0,1.0,322.01,1163.53
14896.0,257.21999999999997,21.0,21.0,1.0,257.21999999999997,211.55000000000004
14898.0,98.50000000000001,27.0,27.0,1.0,98.50000000000001,1205.0199999999998
14901.0,497.05000000000007,28.0,16.0,3.0,165.68333333333337,924.24
14907.0,960.6899999999999,23.0,16.0,2.0,480.34499999999997,2540.41
14913.0,300.87,15.0,15.0,1.0,300.87,926.56
14952.0,686.16,20.0,20.0,1.0,686.16,7413.330000000001
14961.0,1182.6999999999998,16.0,16.0,1.0,1182.6999999999998,5861.9800000000005
14985.0,124.51000000000002,14.0,14.0,1.0,124.51000000000002,172.23999999999998
14987.0,163.2,21.0,21.0,1.0,163.2,163.2
15002.0,631.6500000000001,23.0,23.0,1.0,631.6500000000001,1010.1100000000002
15005.0,470.4100000000001,22.0,15.0,2.0,235.20500000000004,5846.160000000001
15012.0,191.05999999999997,29.0,29.0,1.0,191.05999999999997,231.98
15018.0,111.25000000000001,23.0,23.0,1.0,111.25000000000001,384.96000000000004
15021.0,205.64000000000001,22.0,22.0,1.0,205.64000000000001,1709.1799999999998
15023.0,460.5999999999999,25.0,25.0,1.0,460.5999999999999,6342.16
15024.0,491.2199999999999,23.0,23.0,1.0,491.2199999999999,1170.1100000000001
15028.0,185.97000000000003,24.0,24.0,1.0,185.97000000000003,441.16
15032.0,2770.6,22.0,22.0,1.0,2770.6,2188.5
15034.0,842.9000000000003,9.0,9.0,1.0,842.9000000000003,3465.71
15038.0,126.43,25.0,25.0,1.0,126.43,579.0600000000001
15039.0,1317.7600000000002,24.0,16.0,2.0,658.8800000000001,18596.680000000008
15044.0,2139.1500000000005,18.0,8.0,3.0,713.0500000000002,5561.08
15048.0,98.7,24.0,24.0,1.0,98.7,285.34999999999997
15062.0,209.08,15.0,15.0,1.0,209.08,778.78
15078.0,818.65,24.0,10.0,2.0,409.325,8924.460000000001
15079.0,141.95,21.0,21.0,1.0,141.95,753.6600000000002
15081.0,111.15,23.0,23.0,1.0,111.15,393.65000000000003
15093.0,623.73,28.0,28.0,1.0,623.73,3973.2900000000004
15100.0,700.8,29.0,22.0,2.0,350.4,175.2
15101.0,102.28,15.0,15.0,1.0,102.28,215.24999999999997
15107.0,177.05,28.0,16.0,2.0,88.525,142.45
15111.0,288.5,28.0,28.0,1.0,288.5,1278.9800000000002
15157.0,1085.46,14.0,14.0,1.0,1085.46,850.6100000000001
15159.0,1860.98,17.0,17.0,1.0,1860.98,16780.03
15192.0,315.0,21.0,21.0,1.0,315.0,729.3200000000002
15194.0,1558.9899999999998,24.0,14.0,3.0,519.6633333333333,6057.54
15197.0,556.5,14.0,14.0,1.0,556.5,523.11
15208.0,65.4,9.0,9.0,1.0,65.4,804.72
15211.0,383.07,21.0,21.0,1.0,383.07,511.34
15235.0,694.6400000000001,29.0,7.0,3.0,231.5466666666667,1552.8700000000001
15246.0,186.0,14.0,14.0,1.0,186.0,328.15000000000003
15260.0,420.5,28.0,28.0,1.0,420.5,1390.27
15271.0,111.75,21.0,21.0,1.0,111.75,2395.3199999999997
15288.0,165.65,21.0,21.0,1.0,165.65,2140.87
15290.0,219.6,15.0,15.0,1.0,219.6,7723.62
15291.0,648.9000000000001,29.0,13.0,2.0,324.45000000000005,4019.4000000000005
15298.0,397.5999999999999,22.0,22.0,1.0,397.5999999999999,4402.3
15299.0,1835.0100000000002,28.0,28.0,1.0,1835.0100000000002,2672.0
15301.0,673.3700000000003,24.0,24.0,1.0,673.3700000000003,4396.98
15304.0,123.15,24.0,24.0,1.0,123.15,571.25
15312.0,289.74,10.0,10.0,1.0,289.74,635.1100000000001
15351.0,274.66999999999985,25.0,25.0,1.0,274.66999999999985,1685.4399999999996
15353.0,311.65,23.0,23.0,1.0,311.65,465.36999999999983
15356.0,365.53999999999985,24.0,16.0,2.0,182.76999999999992,2400.96
15358.0,624.55,21.0,21.0,1.0,624.55,7722.649999999999
15366.0,105.54,14.0,14.0,1.0,105.54,496.97
15373.0,537.1,27.0,15.0,2.0,268.55,1878.81
15379.0,1491.46,14.0,14.0,1.0,1491.46,2211.83
15380.0,230.10000000000002,21.0,21.0,1.0,230.10000000000002,1460.16
15384.0,303.57,15.0,15.0,1.0,303.57,338.8399999999999
15392.0,338.97999999999996,16.0,16.0,1.0,338.97999999999996,1196.5499999999997
15394.0,587.66,14.0,14.0,1.0,587.66,1595.88
15426.0,411.4199999999999,25.0,25.0,1.0,411.4199999999999,1035.97
15456.0,243.22000000000006,15.0,15.0,1.0,243.22000000000006,204.0
15465.0,867.8499999999999,25.0,15.0,2.0,433.92499999999995,6486.7699999999995
15482.0,723.64,14.0,14.0,1.0,723.64,10331.320000000002
15485.0,950.09,29.0,29.0,1.0,950.09,1624.9099999999996
15498.0,976.7199999999999,22.0,22.0,1.0,976.7199999999999,12339.679999999998
15502.0,929.4000000000001,25.0,24.0,2.0,464.70000000000005,9455.530000000002
15512.0,101.19999999999999,15.0,15.0,1.0,101.19999999999999,19.799999999999997
15513.0,1313.5,29.0,21.0,2.0,656.75,13444.719999999998
15514.0,1884.7100000000003,20.0,16.0,2.0,942.3550000000001,2254.75
15525.0,313.92999999999995,29.0,29.0,1.0,313.92999999999995,511.99
15527.0,221.39999999999998,10.0,10.0,1.0,221.39999999999998,2208.38
15529.0,321.46,22.0,20.0,2.0,160.73,3673.7699999999995
15532.0,356.3500000000001,14.0,14.0,1.0,356.3500000000001,1224.58
15544.0,354.53999999999996,28.0,28.0,1.0,354.53999999999996,3192.17
15545.0,135.33,27.0,27.0,1.0,135.33,157.39000000000001
15547.0,767.3700000000001,18.0,18.0,1.0,767.3700000000001,4187.47
15555.0,989.8199999999999,25.0,17.0,3.0,329.94,3815.35
15563.0,270.19000000000005,14.0,14.0,1.0,270.19000000000005,1130.25
15570.0,1064.64,25.0,13.0,3.0,354.88000000000005,3100.88
15574.0,590.1499999999997,28.0,14.0,2.0,295.0749999999999,112.1
15581.0,325.96,22.0,9.0,3.0,108.65333333333332,3354.0099999999998
15587.0,344.88,7.0,7.0,1.0,344.88,568.8
15596.0,402.31999999999994,21.0,21.0,1.0,402.31999999999994,1004.2700000000001
15601.0,1236.4500000000003,28.0,14.0,2.0,618.2250000000001,5540.110000000001
15602.0,152.55,24.0,16.0,2.0,76.275,1145.32
15605.0,194.85,29.0,29.0,1.0,194.85,1003.3800000000001
15615.0,1081.19,15.0,15.0,1.0,1081.19,9318.549999999997
15620.0,424.4899999999999,14.0,14.0,1.0,424.4899999999999,1128.6899999999998
15628.0,319.18,22.0,22.0,1.0,319.18,2551.06
15640.0,2766.6900000000005,28.0,11.0,3.0,922.2300000000001,9748.97
15641.0,308.37000000000006,15.0,15.0,1.0,308.37000000000006,1578.8299999999997
15646.0,189.8,28.0,28.0,1.0,189.8,257.84000000000003
15649.0,510.0,23.0,23.0,1.0,510.0,306.0
15658.0,306.20000000000005,28.0,28.0,1.0,306.20000000000005,717.9000000000001
15660.0,209.3,21.0,21.0,1.0,209.3,1391.56
15680.0,478.88999999999993,22.0,22.0,1.0,478.88999999999993,854.7900000000001
15689.0,103.5,17.0,17.0,1.0,103.5,150.6
15694.0,847.33,28.0,16.0,3.0,282.4433333333333,5632.070000000001
15708.0,350.67999999999995,25.0,25.0,1.0,350.67999999999995,3013.56
15713.0,171.15,22.0,22.0,1.0,171.15,185.55
15716.0,547.0999999999998,25.0,25.0,1.0,547.0999999999998,571.71
15727.0,1536.8500000000001,15.0,15.0,1.0,1536.8500000000001,3642.1099999999997
15732.0,138.1,28.0,28.0,1.0,138.1,156.02
15738.0,329.65,28.0,28.0,1.0,329.65,4482.7699999999995
15750.0,340.52,22.0,22.0,1.0,340.52,2124.9599999999996
15752.0,259.65,28.0,28.0,1.0,259.65,2377.7299999999996
15759.0,97.24000000000001,14.0,14.0,1.0,97.24000000000001,155.8
15777.0,365.55,17.0,17.0,1.0,365.55,681.56
15780.0,177.15,13.0,13.0,1.0,177.15,298.13
15805.0,370.80000000000007,20.0,20.0,1.0,370.80000000000007,5157.6799999999985
15808.0,2249.850000000001,25.0,17.0,2.0,1124.9250000000004,1485.1199999999997
15811.0,438.79999999999995,21.0,13.0,2.0,219.39999999999998,1779.8200000000002
15822.0,440.20000000000005,15.0,15.0,1.0,440.20000000000005,445.2700000000001
15827.0,190.93,28.0,28.0,1.0,190.93,1645.16
15838.0,957.5,23.0,23.0,1.0,957.5,32685.58
15854.0,230.10000000000005,17.0,17.0,1.0,230.10000000000005,2744.55
15856.0,3281.31,21.0,7.0,3.0,1093.77,13106.260000000002
15858.0,383.93,23.0,23.0,1.0,383.93,1054.92
15860.0,102.66,24.0,24.0,1.0,102.66,874.55
15862.0,354.2300000000001,29.0,29.0,1.0,354.2300000000001,478.65000000000003
15867.0,557.22,25.0,10.0,3.0,185.74,3255.4200000000005
15881.0,155.25,20.0,17.0,2.0,77.625,346.13999999999993
15882.0,371.32,24.0,24.0,1.0,371.32,145.04000000000002
15889.0,297.91999999999996,25.0,25.0,1.0,297.91999999999996,148.95000000000002
15894.0,156.74000000000004,25.0,25.0,1.0,156.74000000000004,106.81
15898.0,521.6899999999998,24.0,23.0,2.0,260.8449999999999,867.19
15916.0,232.45,22.0,22.0,1.0,232.45,1295.64
15919.0,270.71999999999986,24.0,24.0,1.0,270.71999999999986,369.1699999999997
15950.0,428.82,15.0,15.0,1.0,428.82,1336.69
15953.0,209.83999999999997,25.0,25.0,1.0,209.83999999999997,1449.54
15955.0,572.3799999999999,28.0,28.0,1.0,572.3799999999999,3843.88
15965.0,156.19,23.0,23.0,1.0,156.19,689.4499999999998
15983.0,1148.27,29.0,16.0,3.0,382.75666666666666,326.75000000000006
15984.0,122.7,24.0,24.0,1.0,122.7,2714.9700000000003
15987.0,113.48,24.0,24.0,1.0,113.48,1337.8000000000002
15996.0,263.24999999999994,22.0,22.0,1.0,263.24999999999994,797.4300000000001
15998.0,863.39,18.0,18.0,1.0,863.39,2226.5800000000004
16003.0,1181.0000000000002,15.0,15.0,1.0,1181.0000000000002,1554.37
16010.0,110.1,18.0,18.0,1.0,110.1,297.4
16011.0,406.1,22.0,18.0,2.0,203.05,2956.61
16013.0,2973.0,27.0,13.0,3.0,991.0,34157.6
16016.0,382.2699999999999,22.0,22.0,1.0,382.2699999999999,1126.49
16019.0,219.10000000000002,20.0,20.0,1.0,219.10000000000002,3567.14
16033.0,309.69000000000005,25.0,16.0,2.0,154.84500000000003,8506.71
16037.0,300.46000000000004,14.0,14.0,1.0,300.46000000000004,554.56
16059.0,118.24999999999999,23.0,23.0,1.0,118.24999999999999,1341.6099999999997
16062.0,247.56,20.0,20.0,1.0,247.56,906.0599999999997
16081.0,157.6,22.0,22.0,1.0,157.6,2649.3
16083.0,337.98,16.0,16.0,1.0,337.98,979.64
16086.0,177.26,23.0,23.0,1.0,177.26,944.1300000000001
16098.0,430.6,29.0,29.0,1.0,430.6,1575.0300000000002
16122.0,105.72,22.0,22.0,1.0,105.72,578.7
16134.0,283.53000000000003,15.0,15.0,1.0,283.53000000000003,334.55999999999995
16140.0,124.14000000000001,27.0,27.0,1.0,124.14000000000001,601.0400000000001
16143.0,811.3499999999999,25.0,10.0,2.0,405.67499999999995,1613.5900000000001
16145.0,302.78,15.0,15.0,1.0,302.78,3496.71
16150.0,393.42,28.0,28.0,1.0,393.42,1659.6000000000001
16153.0,215.01,10.0,10.0,1.0,215.01,1609.2199999999998
16161.0,576.3,24.0,15.0,3.0,192.1,4999.260000000001
16163.0,441.6,21.0,21.0,1.0,441.6,415.00000000000006
16168.0,275.79999999999995,25.0,25.0,1.0,275.79999999999995,3511.7999999999997
16186.0,307.67999999999995,28.0,28.0,1.0,307.67999999999995,3699.2600000000007
16191.0,627.5999999999999,16.0,16.0,1.0,627.5999999999999,4552.92
16203.0,170.7,28.0,28.0,1.0,170.7,422.20000000000005
16218.0,471.29999999999995,29.0,29.0,1.0,471.29999999999995,2613.38
16221.0,166.74,23.0,23.0,1.0,166.74,698.1199999999998
16233.0,147.39999999999998,22.0,22.0,1.0,147.39999999999998,389.28000000000003
16241.0,277.65,25.0,25.0,1.0,277.65,2330.22
16244.0,1056.6299999999999,28.0,28.0,1.0,1056.6299999999999,466.11999999999995
16250.0,226.13999999999996,29.0,29.0,1.0,226.13999999999996,163.29999999999998
16255.0,374.25,21.0,21.0,1.0,374.25,2245.66
16265.0,840.81,20.0,20.0,1.0,840.81,4606.19
16271.0,133.21999999999997,14.0,14.0,1.0,133.21999999999997,1296.0200000000004
16293.0,378.75000000000006,23.0,23.0,1.0,378.75000000000006,1870.2399999999998
16306.0,68.1,23.0,23.0,1.0,68.1,564.17
16316.0,308.21999999999997,14.0,14.0,1.0,308.21999999999997,2630.69
16327.0,535.5999999999999,25.0,25.0,1.0,535.5999999999999,3308.6199999999994
16353.0,510.0,25.0,10.0,4.0,127.5,6165.710000000001
16365.0,368.46,23.0,15.0,2.0,184.23,1171.96
16367.0,170.91000000000003,18.0,18.0,1.0,170.91000000000003,633.58
16385.0,148.23,22.0,22.0,1.0,148.23,407.66
16393.0,291.55,25.0,18.0,2.0,145.775,2754.66
16402.0,211.79999999999998,25.0,25.0,1.0,211.79999999999998,87.8
16411.0,131.5,25.0,25.0,1.0,131.5,83.14999999999999
16422.0,2025.3200000000002,25.0,10.0,3.0,675.1066666666667,32659.079999999998
16442.0,151.66000000000003,16.0,16.0,1.0,151.66000000000003,465.13
16455.0,531.98,27.0,17.0,2.0,265.99,1309.1999999999998
16456.0,787.4,29.0,29.0,1.0,787.4,1370.97
16458.0,193.90000000000003,16.0,16.0,1.0,193.90000000000003,3288.8399999999997
16470.0,216.33999999999997,14.0,14.0,1.0,216.33999999999997,546.0500000000001
16477.0,544.4,27.0,8.0,2.0,272.2,1950.06
16503.0,488.09,16.0,16.0,1.0,488.09,943.8400000000001
16519.0,103.7,21.0,21.0,1.0,103.7,111.38
16520.0,325.76000000000005,21.0,21.0,1.0,325.76000000000005,720.81
16525.0,802.44,22.0,14.0,2.0,401.22,12225.01
16531.0,92.82000000000001,16.0,16.0,1.0,92.82000000000001,1151.77
16539.0,747.25,29.0,14.0,2.0,373.625,641.5600000000001
16546.0,299.4,28.0,28.0,1.0,299.4,487.75000000000006
16550.0,554.66,24.0,24.0,1.0,554.66,1744.31
16552.0,95.28999999999999,29.0,29.0,1.0,95.28999999999999,284.44
16553.0,1609.44,16.0,16.0,1.0,1609.44,4110.379999999999
16556.0,310.84999999999997,16.0,16.0,1.0,310.84999999999997,3002.94
16558.0,880.55,22.0,13.0,2.0,440.275,7457.940000000001
16560.0,332.17999999999995,14.0,14.0,1.0,332.17999999999995,509.22999999999996
16596.0,120.65,22.0,22.0,1.0,120.65,129.5
16607.0,654.8199999999999,14.0,13.0,2.0,327.40999999999997,2692.89
16634.0,164.8,28.0,28.0,1.0,164.8,53.1
16638.0,70.80000000000001,24.0,15.0,2.0,35.400000000000006,1609.9199999999998
16654.0,227.4,24.0,24.0,1.0,227.4,373.87
16656.0,428.76,20.0,20.0,1.0,428.76,8197.039999999999
16670.0,403.61,14.0,14.0,1.0,403.61,3692.2900000000004
16686.0,364.97999999999996,11.0,11.0,1.0,364.97999999999996,2697.8499999999995
16700.0,336.93999999999994,22.0,22.0,1.0,336.93999999999994,4739.610000000001
16701.0,476.76,17.0,17.0,1.0,476.76,4921.54
16705.0,1131.7200000000003,14.0,14.0,1.0,1131.7200000000003,12903.269999999999
16710.0,524.97,24.0,16.0,2.0,262.485,1958.0700000000002
16711.0,214.20000000000002,13.0,13.0,1.0,214.20000000000002,1436.83
16713.0,758.5399999999997,22.0,10.0,2.0,379.26999999999987,6164.59
16717.0,307.25,22.0,22.0,1.0,307.25,3551.13
16719.0,430.72999999999996,24.0,24.0,1.0,430.72999999999996,1359.69
16722.0,799.5200000000001,24.0,22.0,2.0,399.76000000000005,3931.2900000000004
16725.0,327.1999999999999,27.0,15.0,2.0,163.59999999999994,453.82000000000005
16726.0,129.57000000000002,17.0,17.0,1.0,129.57000000000002,1252.4499999999998
16743.0,430.2799999999999,14.0,14.0,1.0,430.2799999999999,1807.8100000000002
16746.0,311.64,14.0,14.0,1.0,311.64,6386.02
16770.0,262.20000000000005,28.0,14.0,2.0,131.10000000000002,507.9000000000001
16775.0,231.9,23.0,23.0,1.0,231.9,1463.7600000000002
16779.0,687.8299999999999,22.0,18.0,2.0,343.91499999999996,9941.89
16782.0,577.9899999999998,21.0,15.0,2.0,288.9949999999999,1701.9100000000003
16805.0,214.76999999999998,16.0,16.0,1.0,214.76999999999998,245.82000000000002
16814.0,273.28999999999996,25.0,25.0,1.0,273.28999999999996,6235.809999999998
16816.0,75.78,14.0,14.0,1.0,75.78,341.28000000000003
16817.0,367.3,24.0,15.0,2.0,183.65,1237.45
16835.0,81.75,29.0,29.0,1.0,81.75,99.10000000000001
16839.0,552.24,25.0,25.0,1.0,552.24,16042.109999999997
16863.0,164.25,22.0,22.0,1.0,164.25,338.55
16873.0,2157.6400000000003,20.0,20.0,1.0,2157.6400000000003,4965.98
16883.0,128.03000000000003,27.0,27.0,1.0,128.03000000000003,148.70000000000002
16885.0,190.64999999999995,13.0,13.0,1.0,190.64999999999995,280.86
16891.0,232.25999999999988,27.0,27.0,1.0,232.25999999999988,577.44
16898.0,116.08000000000003,24.0,24.0,1.0,116.08000000000003,392.7300000000001
16899.0,170.55,16.0,16.0,1.0,170.55,1111.0099999999998
16904.0,338.69999999999993,23.0,23.0,1.0,338.69999999999993,3415.5699999999993
16905.0,254.4,27.0,27.0,1.0,254.4,2848.0299999999993
16907.0,182.01999999999992,21.0,21.0,1.0,182.01999999999992,799.6299999999999
16916.0,198.07999999999998,28.0,28.0,1.0,198.07999999999998,378.18000000000006
16919.0,540.0099999999999,24.0,16.0,2.0,270.00499999999994,2056.4400000000005
16923.0,550.4999999999999,18.0,18.0,1.0,550.4999999999999,6697.109999999999
16927.0,218.1,17.0,17.0,1.0,218.1,324.95
16928.0,116.25,29.0,29.0,1.0,116.25,2731.3500000000004
16931.0,364.65999999999997,25.0,13.0,2.0,182.32999999999998,4239.5599999999995
16945.0,279.85,14.0,14.0,1.0,279.85,4065.6499999999996
16950.0,172.0,23.0,23.0,1.0,172.0,1006.5599999999998
16954.0,346.79999999999995,15.0,15.0,1.0,346.79999999999995,1738.2799999999997
16955.0,189.10000000000002,29.0,24.0,2.0,94.55000000000001,329.56999999999994
16983.0,163.49,25.0,25.0,1.0,163.49,1767.76
16985.0,933.3200000000002,14.0,14.0,1.0,933.3200000000002,4530.799999999999
16996.0,127.54,9.0,9.0,1.0,127.54,1329.42
17001.0,397.96,14.0,14.0,1.0,397.96,3591.6100000000006
17007.0,207.12,13.0,13.0,1.0,207.12,682.81
17017.0,2357.64,28.0,16.0,4.0,589.41,6336.620000000001
17019.0,358.8199999999999,24.0,24.0,1.0,358.8199999999999,913.7900000000001
17025.0,160.97,29.0,29.0,1.0,160.97,196.8
17026.0,33.15,25.0,25.0,1.0,33.15,121.67999999999999
17033.0,307.79999999999995,15.0,15.0,1.0,307.79999999999995,722.34
17041.0,304.49999999999994,16.0,16.0,1.0,304.49999999999994,777.0699999999999
17059.0,722.3599999999996,25.0,25.0,1.0,722.3599999999996,2372.679999999999
17062.0,435.73,25.0,14.0,3.0,145.24333333333334,102.64000000000003
17068.0,297.45,24.0,14.0,2.0,148.725,4254.6900000000005
17069.0,583.2,29.0,10.0,2.0,291.6,2126.4999999999995
17076.0,151.5,20.0,20.0,1.0,151.5,689.5799999999999
17085.0,740.44,18.0,10.0,2.0,370.22,826.2100000000002
17090.0,61.199999999999996,10.0,10.0,1.0,61.199999999999996,1982.7500000000002
17091.0,293.45,23.0,23.0,1.0,293.45,3534.3100000000004
17097.0,174.72000000000003,21.0,21.0,1.0,174.72000000000003,779.7
17126.0,212.60000000000005,18.0,18.0,1.0,212.60000000000005,792.15
17135.0,215.57999999999998,27.0,27.0,1.0,215.57999999999998,924.1499999999999
17146.0,298.25,14.0,14.0,1.0,298.25,451.53
17158.0,413.7899999999999,16.0,16.0,1.0,413.7899999999999,853.1800000000001
17179.0,243.00000000000003,17.0,17.0,1.0,243.00000000000003,468.7900000000001
17181.0,155.52,29.0,29.0,1.0,155.52,84.40000000000002
17188.0,513.64,18.0,18.0,1.0,513.64,1960.5900000000001
17189.0,227.21999999999994,15.0,15.0,1.0,227.21999999999994,157.18000000000004
17191.0,510.11,24.0,24.0,1.0,510.11,1585.0199999999995
17194.0,252.6199999999999,16.0,16.0,1.0,252.6199999999999,10.0
17198.0,521.6599999999999,27.0,21.0,2.0,260.8299999999999,170.56
17211.0,779.71,25.0,9.0,3.0,259.90333333333336,1537.5100000000002
17213.0,615.8500000000001,22.0,9.0,2.0,307.92500000000007,2165.38
17214.0,171.05,15.0,15.0,1.0,171.05,898.07
17218.0,606.28,24.0,11.0,3.0,202.09333333333333,1354.44
17220.0,317.50000000000006,20.0,20.0,1.0,317.50000000000006,2880.75
17223.0,292.8399999999999,24.0,24.0,1.0,292.8399999999999,133.95
17227.0,142.24999999999997,24.0,24.0,1.0,142.24999999999997,797.0699999999999
17228.0,355.94999999999993,28.0,23.0,2.0,177.97499999999997,1550.14
17230.0,2760.01,15.0,10.0,2.0,1380.005,878.3999999999999
17231.0,232.01000000000002,17.0,17.0,1.0,232.01000000000002,2942.3099999999995
17235.0,341.9,28.0,28.0,1.0,341.9,208.16
17236.0,126.28,18.0,18.0,1.0,126.28,789.85
17238.0,370.09000000000003,27.0,27.0,1.0,370.09000000000003,3374.56
17243.0,855.05,25.0,11.0,3.0,285.01666666666665,7821.799999999999
17259.0,381.63999999999976,24.0,24.0,1.0,381.63999999999976,221.72999999999993
17262.0,268.86,22.0,22.0,1.0,268.86,984.5
17287.0,222.7,28.0,23.0,2.0,111.35,841.4099999999999
17288.0,133.56,14.0,14.0,1.0,133.56,1286.1699999999998
17293.0,346.14,17.0,17.0,1.0,346.14,1528.9700000000003
17306.0,324.0,9.0,9.0,1.0,324.0,8307.31
17315.0,108.92000000000002,13.0,13.0,1.0,108.92000000000002,6183.34
17320.0,450.92,24.0,24.0,1.0,450.92,749.6999999999999
17324.0,127.05000000000001,22.0,22.0,1.0,127.05000000000001,863.18
17338.0,767.6000000000001,17.0,17.0,1.0,767.6000000000001,5876.33
17339.0,60.0,21.0,21.0,1.0,60.0,183.36
17341.0,513.5999999999999,22.0,22.0,1.0,513.5999999999999,267.76000000000005
17346.0,247.84000000000003,29.0,15.0,2.0,123.92000000000002,2428.72
17358.0,246.69999999999993,11.0,11.0,1.0,246.69999999999993,119.15
17371.0,97.63,17.0,17.0,1.0,97.63,326.26
17372.0,370.78,18.0,16.0,2.0,185.39,971.9000000000001
17375.0,109.71000000000001,17.0,17.0,1.0,109.71000000000001,290.39
17377.0,785.0799999999999,29.0,13.0,3.0,261.6933333333333,3315.8399999999997
17392.0,312.4099999999999,14.0,14.0,1.0,312.4099999999999,145.5
17396.0,397.5,27.0,27.0,1.0,397.5,6933.3
17400.0,424.17,9.0,9.0,1.0,424.17,1705.7899999999997
17402.0,459.9699999999999,25.0,25.0,1.0,459.9699999999999,2173.88
17406.0,702.0999999999999,22.0,22.0,1.0,702.0999999999999,1498.3200000000002
17412.0,447.76,28.0,14.0,2.0,223.88,810.3000000000001
17419.0,374.2699999999999,23.0,23.0,1.0,374.2699999999999,3852.3
17420.0,130.85,29.0,29.0,1.0,130.85,467.98
17428.0,893.95,24.0,17.0,2.0,446.975,16362.9
17430.0,112.6,21.0,21.0,1.0,112.6,153.16000000000003
17449.0,684.2600000000004,15.0,15.0,1.0,684.2600000000004,1836.5999999999997
17454.0,165.85000000000002,15.0,15.0,1.0,165.85000000000002,351.67999999999995
17460.0,70.30000000000001,29.0,28.0,2.0,35.150000000000006,552.13
17470.0,178.4,23.0,23.0,1.0,178.4,946.67
17491.0,327.4,23.0,23.0,1.0,327.4,3231.4700000000003
17519.0,335.29999999999995,24.0,24.0,1.0,335.29999999999995,1508.7199999999998
17526.0,238.6,21.0,16.0,2.0,119.3,957.3000000000001
17530.0,300.64000000000004,21.0,21.0,1.0,300.64000000000004,2084.36
17552.0,298.52,28.0,28.0,1.0,298.52,631.8900000000001
17567.0,517.95,28.0,28.0,1.0,517.95,3813.53
17572.0,70.80000000000001,29.0,29.0,1.0,70.80000000000001,155.95
17576.0,297.0,21.0,17.0,2.0,148.5,3325.6800000000003
17580.0,46.85,14.0,14.0,1.0,46.85,168.87
17581.0,786.7799999999999,28.0,28.0,1.0,786.7799999999999,10258.26
17591.0,406.5999999999999,23.0,23.0,1.0,406.5999999999999,1819.37
17593.0,662.9000000000001,8.0,8.0,1.0,662.9000000000001,3264.4400000000005
17596.0,392.61999999999995,24.0,24.0,1.0,392.61999999999995,2435.3099999999995
17611.0,244.18999999999994,17.0,17.0,1.0,244.18999999999994,3740.0299999999993
17616.0,326.4,23.0,23.0,1.0,326.4,244.79999999999998
17618.0,320.2799999999999,18.0,18.0,1.0,320.2799999999999,651.3
17621.0,239.39999999999998,10.0,10.0,1.0,239.39999999999998,1140.5000000000002
17629.0,238.65000000000003,15.0,15.0,1.0,238.65000000000003,1575.47
17646.0,251.00000000000003,21.0,21.0,1.0,251.00000000000003,757.39
17655.0,676.1000000000001,22.0,22.0,1.0,676.1000000000001,1962.84
17659.0,359.95000000000005,28.0,14.0,2.0,179.97500000000002,2639.51
17671.0,394.18,21.0,21.0,1.0,394.18,1178.53
17674.0,300.65999999999997,24.0,24.0,1.0,300.65999999999997,250.37999999999997
17675.0,1019.1200000000001,23.0,20.0,2.0,509.56000000000006,19355.160000000003
17676.0,300.7,22.0,22.0,1.0,300.7,1086.98
17677.0,1616.6000000000001,24.0,22.0,2.0,808.3000000000001,14746.630000000001
17682.0,391.5,24.0,24.0,1.0,391.5,2082.83
17685.0,463.02,28.0,16.0,2.0,231.51,2728.5100000000007
17690.0,687.9000000000001,29.0,20.0,3.0,229.30000000000004,4070.05
17692.0,343.26,15.0,15.0,1.0,343.26,397.68
17696.0,175.60000000000002,20.0,20.0,1.0,175.60000000000002,2110.1099999999997
17706.0,477.83,22.0,22.0,1.0,477.83,10026.660000000002
17720.0,102.0,23.0,23.0,1.0,102.0,1093.9399999999998
17722.0,910.1400000000004,22.0,22.0,1.0,910.1400000000004,1513.9
17735.0,454.5999999999999,23.0,23.0,1.0,454.5999999999999,12655.42
17739.0,360.06,16.0,16.0,1.0,360.06,2431.29
17744.0,377.52,14.0,14.0,1.0,377.52,1944.88
17757.0,565.8000000000001,28.0,16.0,4.0,141.45000000000002,5039.490000000001
17760.0,172.54,29.0,29.0,1.0,172.54,115.05
17787.0,736.2800000000002,27.0,27.0,1.0,736.2800000000002,1128.91
17790.0,399.54999999999995,20.0,13.0,3.0,133.1833333333333,1566.0000000000002
17796.0,114.65,25.0,25.0,1.0,114.65,583.25
17799.0,223.48000000000002,17.0,17.0,1.0,223.48000000000002,2832.45
17802.0,100.19999999999999,28.0,28.0,1.0,100.19999999999999,1184.8400000000001
17809.0,1251.5000000000002,29.0,27.0,2.0,625.7500000000001,4160.410000000001
17812.0,217.54999999999998,24.0,24.0,1.0,217.54999999999998,514.6099999999999
17816.0,16.209999999999997,21.0,21.0,1.0,16.209999999999997,20.35
17819.0,980.12,27.0,18.0,2.0,490.06,2724.75
17827.0,1271.8,20.0,20.0,1.0,1271.8,723.6600000000001
17838.0,935.56,28.0,21.0,2.0,467.78,1843.7400000000002
17841.0,2473.0699999999997,29.0,11.0,6.0,412.1783333333333,38518.49999999999
17848.0,97.3,14.0,14.0,1.0,97.3,803.9
17857.0,1340.7,21.0,14.0,2.0,670.35,25538.339999999997
17858.0,1556.8500000000001,25.0,15.0,2.0,778.4250000000001,3598.8099999999995
17863.0,384.71999999999997,25.0,25.0,1.0,384.71999999999997,2775.2799999999997
17865.0,1079.83,20.0,13.0,2.0,539.915,9446.49
17869.0,214.31999999999996,24.0,24.0,1.0,214.31999999999996,213.86
17870.0,326.4,22.0,22.0,1.0,326.4,1567.95
17873.0,215.15,29.0,29.0,1.0,215.15,1644.0100000000002
17884.0,324.62,27.0,24.0,2.0,162.31,392.83
17888.0,29.43,13.0,13.0,1.0,29.43,696.6200000000001
17890.0,476.9599999999998,17.0,17.0,1.0,476.9599999999998,125.13000000000002
17894.0,515.85,22.0,8.0,4.0,128.9625,603.96
17897.0,434.62,29.0,23.0,2.0,217.31,131.98
17905.0,394.15,29.0,8.0,2.0,197.075,406.09
17912.0,289.41,20.0,15.0,3.0,96.47000000000001,21.6
17913.0,218.05,11.0,11.0,1.0,218.05,193.54999999999995
17917.0,110.91000000000001,18.0,18.0,1.0,110.91000000000001,230.37
17920.0,735.9099999999996,29.0,24.0,2.0,367.9549999999998,3468.189999999999
17924.0,279.0,29.0,29.0,1.0,279.0,2683.5
17937.0,2153.88,18.0,17.0,2.0,1076.94,2147.34
17950.0,263.16999999999996,21.0,21.0,1.0,263.16999999999996,219.02999999999994
17951.0,409.50000000000006,29.0,14.0,2.0,204.75000000000003,599.0400000000001
17954.0,128.68,27.0,23.0,2.0,64.34,2204.04
17961.0,569.75,28.0,9.0,2.0,284.875,726.6899999999999
17964.0,261.76,28.0,28.0,1.0,261.76,209.94000000000005
17965.0,156.8,25.0,21.0,2.0,78.4,2465.7699999999995
17969.0,125.19999999999999,17.0,17.0,1.0,125.19999999999999,103.0
17975.0,621.49,22.0,16.0,2.0,310.745,3867.32
17980.0,295.2,15.0,15.0,1.0,295.2,516.25
17990.0,316.0,17.0,9.0,2.0,158.0,314.8399999999999
17999.0,190.33999999999997,22.0,22.0,1.0,190.33999999999997,191.71999999999994
18016.0,156.65,20.0,20.0,1.0,156.65,1326.9099999999999
18037.0,31.299999999999997,18.0,18.0,1.0,31.299999999999997,38.72
18041.0,634.29,28.0,21.0,2.0,317.145,3549.1000000000004
18043.0,316.4599999999999,22.0,22.0,1.0,316.4599999999999,243.05
18044.0,74.25,16.0,16.0,1.0,74.25,2014.3500000000001
18055.0,1751.12,25.0,14.0,3.0,583.7066666666666,5033.070000000001
18061.0,405.15999999999997,22.0,22.0,1.0,405.15999999999997,1714.2500000000002
18065.0,345.0199999999999,20.0,20.0,1.0,345.0199999999999,2047.8100000000004
18071.0,258.95,21.0,21.0,1.0,258.95,194.05
18075.0,198.95000000000007,16.0,16.0,1.0,198.95000000000007,2412.8
18077.0,396.33000000000004,22.0,11.0,2.0,198.16500000000002,2236.6800000000003
18085.0,303.90000000000003,29.0,29.0,1.0,303.90000000000003,386.05
18092.0,2852.6400000000003,21.0,8.0,3.0,950.8800000000001,6215.620000000001
18097.0,182.52,10.0,10.0,1.0,182.52,2515.2799999999997
18109.0,552.75,25.0,18.0,2.0,276.375,7500.220000000001
18116.0,665.5699999999999,20.0,7.0,3.0,221.85666666666665,752.46
18118.0,608.5100000000001,25.0,20.0,2.0,304.25500000000005,5045.3099999999995
18144.0,502.65,29.0,16.0,2.0,251.325,2386.1
18156.0,206.22999999999993,25.0,25.0,1.0,206.22999999999993,528.71
18168.0,449.94000000000005,28.0,15.0,2.0,224.97000000000003,720.0
18178.0,300.65000000000003,20.0,20.0,1.0,300.65000000000003,1290.1599999999999
18219.0,390.06000000000006,24.0,16.0,2.0,195.03000000000003,1679.7100000000003
18223.0,501.69,14.0,14.0,1.0,501.69,5982.85
18225.0,30.0,21.0,21.0,1.0,30.0,5479.120000000001
18229.0,653.2,29.0,22.0,2.0,326.6,6623.700000000001
18239.0,438.09999999999997,28.0,28.0,1.0,438.09999999999997,1123.51
18245.0,365.73,11.0,11.0,1.0,365.73,2201.3300000000004
18259.0,376.3,22.0,22.0,1.0,376.3,1962.3000000000002
18260.0,230.7,14.0,14.0,1.0,230.7,2412.5
