cur_year_spend,prev_year_spend,days_since_last_purchase,days_since_first_purchase,total_transactions,age,income,engagement_score
5536.46,1681.26,7,61,34,61,97914.93,-0.6523924604734918
871.41,1366.74,12,34,33,68,30904.69,0.007327054913100258
2046.74,1419.38,10,81,22,54,48194.59,0.22166556032075296
4662.7,1561.21,12,32,34,49,93551.98,1.1496410535189152
3539.46,1397.6,17,72,34,66,66267.57,0.8358342191101421
4205.31,2208.59,15,4,57,48,65537.66,-0.9295769878904186
2686.17,1125.58,6,51,25,63,69030.77,-0.8131737534760459
4684.56,2527.5,6,83,41,62,60083.05,-1.0774895225468846
4841.11,2236.1,8,65,34,68,75967.66,0.01037405189490501
4884.49,1985.57,24,83,33,80,78613.73,0.01722260825810617
2380.65,2113.33,20,8,25,34,60139.42,0.16085249281757624
4763.38,1963.41,23,39,21,76,98351.04,-0.2557393367224165
2607.42,3000.11,16,42,25,52,43724.53,1.2458734531813085
4103.96,1051.09,8,92,22,54,83262.35,-1.3185754001289556
2618.97,785.0,15,50,30,74,67782.58,-0.8326746030250404
5052.88,2349.88,13,30,33,64,89852.78,-0.6406883434350038
4953.94,1150.01,13,84,33,59,92790.97,0.6503892836704009
1583.86,2068.36,12,52,40,58,23948.79,-1.4316995827676318
4127.63,2077.76,20,18,30,54,82749.3,-2.7041663768894595
4357.67,1563.86,15,87,43,52,66698.33,-0.25584934939211645
4503.02,2416.44,10,58,34,60,71472.82,0.4231175263829432
1517.11,1711.04,10,30,37,59,34583.32,1.2266543428682517
1924.32,1437.35,11,41,36,51,43847.42,0.29418620071743634
2266.42,1351.23,22,81,30,66,46456.65,1.6588422241195393
3563.07,1841.55,4,52,35,66,64808.97,1.1246125478797395
1368.29,1992.22,12,36,30,65,33405.83,-1.3397766559405735
3008.64,2227.94,10,44,51,67,38422.35,1.115303875102296
5285.41,1739.38,12,46,55,45,79868.36,-0.29638744906240205
2546.8,789.72,11,41,33,60,67925.36,0.3160585812098716
2522.2,1309.72,6,35,14,53,75828.62,-0.32975827175046685
4468.92,989.99,11,47,43,54,86389.94,0.6390951103242559
1799.78,1266.49,17,27,32,68,52590.52,-1.8804061272347632
1796.47,1743.11,3,26,44,53,37044.75,-1.5089890353032596
2469.04,2274.24,16,41,12,68,61589.47,0.11021382411186703
3005.48,2195.2,25,23,33,56,59120.36,-0.5283959793831827
2711.08,1776.58,13,86,25,77,52144.46,-0.6309084019548629
4304.77,1779.95,7,57,55,75,61079.48,1.3871790030730218
4678.4,1500.66,7,62,46,78,78032.81,-0.1825337316188212
1853.06,1469.68,13,24,26,53,57304.49,-0.2254757739815695
2833.36,1887.83,10,13,41,57,57297.16,-0.033133594852519266
3199.71,1257.9,11,36,29,49,75192.61,0.4076866850808941
1908.08,1035.63,12,23,36,62,55084.06,-0.8921191191370131
4377.5,1808.05,11,62,44,49,69541.76,0.6293476119882252
2247.68,1445.65,17,36,24,55,61155.82,-1.0058734162989909
1498.19,2002.16,17,7,17,47,54002.09,0.8149216359158121
3190.49,836.09,7,75,27,54,74223.6,1.9688868820985583
3356.66,1944.6,10,70,32,57,57138.8,0.18069428740592847
3496.22,1096.1,9,93,36,58,62655.26,1.5144784151784485
1844.83,898.14,12,78,37,52,42182.0,-0.6602294247758258
2415.76,1680.64,12,64,35,67,43212.93,0.3631096162602505
2223.1,1355.12,15,39,18,76,67178.8,1.2657369475484952
3677.32,1543.59,7,40,35,58,73628.83,0.3615485049542903
4568.5,1331.79,18,65,45,72,75396.68,0.8711162614064516
3797.88,2257.69,13,52,15,47,78841.78,-1.2802468336398694
3704.35,1381.45,13,51,42,53,68058.39,-0.9223872739335895
2580.3,1560.65,10,49,23,69,62422.84,-1.1683854208861668
2333.87,2095.24,13,27,24,72,54734.63,-0.0342419151252055
3884.25,1486.63,9,50,31,69,78689.96,-0.2399151961749231
2791.23,2566.64,13,49,6,65,66955.31,-0.6051538747466085
5308.94,2347.74,9,57,42,62,79246.9,0.018187737945241214
3680.73,1514.79,15,17,35,73,80642.11,-0.6608784813407818
2110.23,2281.35,12,53,33,61,34498.93,1.2478423177797784
3969.22,2157.48,7,48,30,52,70484.77,0.3211036385635713
4844.06,1731.47,4,44,44,67,81813.46,-0.3427550199849728
1970.96,1890.5,14,19,27,63,54311.75,1.3414489974707442
3572.41,1182.03,11,42,48,36,65615.27,-1.265845867370584
2753.65,1267.19,19,31,33,72,67469.76,-1.6528425851053459
3928.05,1561.49,10,47,28,53,80622.55,-0.3578634518142796
3172.71,1179.13,18,74,37,39,60597.53,0.28536114103277405
3356.79,1288.89,5,52,17,77,82827.63,0.4576139897440673
4341.58,1871.96,13,53,57,67,59248.97,-0.04788637867078651
2241.84,1687.7,13,31,27,56,57458.2,0.019728476798754332
2467.9,1599.25,16,45,35,61,50855.05,1.6611699898120105
1148.79,623.26,16,36,44,40,37941.22,0.7779538761207949
3056.01,1909.97,7,25,20,63,75470.1,0.5085800266762049
4125.4,1485.73,22,55,42,52,72754.25,1.9353363393460683
2477.02,1570.03,11,26,24,58,65548.02,0.5814618187281128
5149.68,1691.47,18,38,39,81,93151.52,0.2884371407317381
5675.07,2277.37,13,70,36,66,87119.66,1.8654169718968807
1579.24,1154.74,14,30,33,55,49661.29,-0.7958346084030309
3803.81,2001.48,15,59,34,52,65743.24,0.03837760777737245
5076.21,1436.58,19,88,56,73,70367.24,-1.596220707014825
4198.14,1467.03,9,50,39,90,77130.07,-0.5470094236479881
4524.57,1812.35,10,50,52,71,66950.71,1.4741271157864768
3588.31,1359.39,13,55,16,59,86875.2,-0.4226943401790085
4773.72,2263.85,9,62,42,65,69355.03,1.1718377836276914
3256.68,1745.75,5,39,35,61,64623.73,0.17793495401564996
4925.56,1962.16,18,83,35,45,77623.02,-1.6805916170066637
7481.73,2577.99,13,71,33,60,116041.2,0.6051031294613209
4386.72,2125.56,15,51,36,60,74191.62,0.8786062633738668
2203.92,917.33,16,47,32,44,59061.99,1.8888221850110027
3815.94,1061.56,18,30,36,55,85948.76,-0.3951019386970545
2756.24,1508.84,18,82,18,59,61726.07,0.9659335448726084
4414.42,1446.92,10,104,38,59,69232.81,0.5501256268830416
4366.41,1860.65,5,69,37,66,70213.21,1.4493072887286105
987.6,1206.64,21,36,29,73,40244.48,0.3785123053944486
2717.26,2414.82,13,44,36,64,44432.88,0.973169539220232
1507.42,1169.76,24,43,26,63,50146.17,-1.1219129910854988
4696.23,2663.18,16,60,34,51,69039.9,-1.8711769746067268
3164.12,748.14,8,69,51,75,57489.07,1.057377858737378
5569.12,1915.85,19,47,47,50,88170.76,-1.667003736612113
4428.69,1452.11,10,48,47,43,75353.54,0.5092714958109442
5334.63,2636.06,14,59,37,76,80465.99,-0.2813035555257774
452.7,1545.92,11,57,10,62,35049.52,-1.041122628385487
2275.4,713.24,10,65,26,63,62730.4,1.4439284860666561
2592.48,1336.73,15,49,25,69,66169.94,-0.7787159697956344
4031.45,1868.95,12,42,25,56,82785.04,0.7973783106166702
5145.91,2143.46,17,59,36,50,83764.43,0.5425943713734647
2725.09,1606.77,13,60,25,68,60949.08,0.8357614442386162
3639.15,1893.73,10,60,28,65,68555.37,-2.1505814056943997
4117.0,1657.04,3,52,36,69,74408.35,1.1210845665695153
4764.7,2220.51,13,51,32,69,81504.52,-1.3962274844989917
4184.44,1244.27,21,74,30,71,81970.13,0.19975031542399926
3402.77,2039.56,9,74,22,51,64227.7,-0.182159100366184
4409.41,2388.27,12,47,34,54,73256.86,1.0366764448827586
3212.48,1399.39,10,39,37,59,67119.28,0.10170996252481447
3079.99,2003.07,13,38,19,59,71323.83,-0.035524849240889514
2825.58,1112.94,14,38,24,68,75179.71,-0.4981538992108307
5148.09,1192.72,4,57,44,60,92568.51,-1.3599320501610412
5127.53,2507.64,14,44,24,48,92169.5,-0.018111660152905287
824.15,540.05,11,33,38,52,38910.34,-1.9618556058883572
2746.34,1564.57,9,69,26,56,58370.56,0.75741886154864
2560.21,1620.7,16,76,28,58,50154.3,-0.1663841091231254
2327.46,1937.88,15,10,27,54,61932.26,-0.5771232929226253
3378.13,1657.36,16,38,35,60,68765.81,0.5788026300368309
2281.56,1103.32,6,51,35,58,55639.61,0.4275440089596732
3595.73,1798.61,11,61,30,46,66528.66,0.9628526596887506
2515.52,1455.64,10,56,46,60,41304.65,-1.9144254686467264
3034.65,2307.08,14,36,34,43,54966.63,0.019849704043152085
3985.13,2034.41,16,57,29,75,73136.16,0.03525394473687868
3535.53,1626.02,14,70,28,50,69257.61,-1.2419859045803614
4070.35,1855.74,14,47,35,44,74460.01,1.620396473676446
3956.63,730.27,13,79,44,69,73863.53,0.047027739071341966
2383.73,2382.64,9,30,36,61,41586.68,2.3002469548533138
3976.95,1252.19,9,52,40,85,76502.89,-1.0508671187799379
2229.64,200.0,15,54,33,63,66495.07,0.2439871575561033
2693.37,1266.1,12,17,40,68,62434.17,0.8711757416944201
3764.07,1904.91,20,60,32,43,67429.65,0.4917577853964656
1710.72,1174.15,16,49,30,64,46436.05,-0.12741015512655648
3115.54,1273.29,15,40,36,54,68231.1,-1.6738452911107893
3688.41,1918.89,9,59,31,57,68625.61,-1.0673346309365803
5766.52,1834.79,8,90,43,58,83933.86,1.643367222754134
5564.73,2305.6,8,40,35,49,93434.91,-0.9898844182444088
2847.46,1314.65,9,69,52,61,40861.37,-0.8883876029412451
3594.22,1854.02,13,51,41,73,59088.81,0.1589602885674824
2230.99,2008.61,15,51,26,62,46611.37,0.42212820178269184
5099.07,2837.54,14,23,44,63,78331.67,-0.7855915892562851
3936.47,1538.3,20,40,30,64,81662.63,1.5828263725604226
2937.49,1793.47,18,47,41,59,52352.57,-0.2029200790691778
2993.82,1420.48,16,66,28,65,62558.4,1.5964332249449895
3732.68,1986.51,16,51,31,66,70356.38,-0.3561400615106286
1811.75,1058.15,11,28,34,59,53096.52,-0.4983826227461325
3989.28,1918.41,15,35,42,61,70540.13,-0.7960791350132165
2667.82,1362.86,8,12,21,52,78343.06,-0.17292822793938314
2713.3,1627.38,22,42,55,66,38721.05,-0.943943685304152
4264.11,2270.7,17,36,23,58,84120.39,1.0979531461817014
1102.04,680.24,8,49,22,77,50507.95,0.3142198745755153
3563.88,1865.79,17,88,31,55,57165.64,0.4048356155429011
2722.04,1210.09,13,64,17,56,71100.08,1.126620721130436
3746.35,2214.98,16,19,43,48,64269.22,-1.3355904434499066
4830.97,2006.79,14,28,50,60,76884.58,-0.3019631420783231
4312.32,1855.45,11,62,24,59,83812.64,-0.9418434024635866
3254.61,1545.01,0,33,36,71,67801.65,0.8484429655711215
2792.73,998.82,9,53,36,53,62187.26,-0.4837668456204631
3765.01,1722.45,15,75,28,45,69480.79,-1.6673408700554837
4329.63,1508.29,13,68,38,57,76952.21,-0.08397834854406074
3989.46,2075.21,17,79,35,52,60614.25,0.7216483772144141
2364.32,1953.15,14,53,21,76,54371.28,1.3911177762665048
2814.52,675.88,5,74,38,68,61199.94,-1.9868358531692647
3771.2,1409.21,8,60,52,65,59741.21,-0.12918029110486595
4799.75,1477.94,13,84,33,55,85372.61,0.1996543209727016
2427.78,877.87,17,32,43,51,57965.3,-1.4150845500677205
5360.13,1525.97,8,62,46,54,87246.34,0.07685600589819587
4891.79,2067.39,15,61,33,35,82193.77,-0.3834161487171474
4740.34,1875.42,13,45,46,55,76499.89,0.6237939006960134
629.29,701.36,13,87,33,46,25879.65,-1.1939482847329999
2278.65,2324.61,10,34,11,60,61186.72,0.6026686528156345
4422.56,1283.67,19,100,35,75,73320.53,0.5426643505248346
2791.32,1307.17,10,52,23,55,68695.61,-0.5969527548787052
2506.75,753.33,18,24,32,63,71295.25,-0.07904010097451497
1795.9,1701.37,16,30,40,56,37841.33,-0.17276909654796813
2942.22,2488.01,4,51,30,72,49173.97,1.7812563435196018
1431.99,1247.19,20,22,31,67,48142.24,1.0914587562258884
2628.96,1112.51,12,46,28,54,67125.45,0.526988524305367
1418.05,1010.82,13,73,36,60,34908.94,1.125985003342871
4843.57,1698.83,10,79,38,53,78170.98,0.2104412738912608
3930.53,2257.27,18,34,31,56,73353.46,1.2607034811288609
4043.83,2253.87,16,45,28,64,74746.71,0.12383508194792965
4318.14,2563.86,13,42,23,75,80126.43,1.650175071935324
3615.06,1530.6,16,34,31,61,75808.38,-2.100179738191557
4354.19,1957.18,18,57,29,55,78770.33,1.6620646742996303
1878.97,1601.01,17,52,28,73,44865.15,0.4314204919129021
2974.22,1629.11,10,48,34,56,59863.11,-0.9944473560167224
3911.39,1963.15,14,42,12,54,90568.47,-0.4846071930357301
2374.16,1215.4,8,0,25,65,75848.76,-1.0059939603881654
3725.48,2162.14,16,59,44,67,54661.96,-1.2092204018173358
4713.28,2198.78,5,45,50,35,69068.3,0.7321642614624232
4135.94,1562.42,19,48,47,64,69803.35,0.2530346246296251
1796.34,1406.92,13,30,15,49,61651.47,0.32702664841576395
3820.88,1965.39,15,36,23,55,82124.87,-0.0706279064472332
1459.56,1184.53,24,64,28,70,41272.15,-1.838768207655581
3998.32,2414.49,11,15,39,77,69868.57,-0.08749051827767662
4119.18,2062.96,14,54,18,70,83006.04,1.2417131017593426
5076.72,1311.68,19,34,38,54,98977.33,-0.4134443297698173
2862.98,1635.72,12,52,15,52,72427.6,0.04250201457284692
2189.57,1610.43,14,72,35,53,40202.68,-1.8441556378909567
2234.07,1656.66,12,33,13,54,67443.82,-0.3588974127100432
3989.96,1626.91,5,61,33,64,74145.73,1.2575524873514674
2303.54,1543.38,10,40,24,52,58681.72,0.6509199910385756
4792.72,2926.35,10,37,25,58,82408.46,-1.5566563315879238
1816.1,1803.87,22,54,28,60,40659.38,0.2964141139594409
2941.76,1643.89,8,72,28,51,56961.9,0.7035055386217531
5095.17,2007.63,12,96,37,62,73256.21,-0.9073957209307306
1692.73,2082.26,10,24,8,44,58547.33,0.0679321805460621
3655.41,1016.39,17,65,38,60,72959.86,-0.9059431949735376
1338.94,2201.9,1,39,28,70,31483.71,-0.17721570857486027
3465.68,1953.86,9,37,22,51,75221.87,0.9842895520700016
2807.37,2027.48,12,59,35,56,45170.7,1.5862374818924938
3426.6,1567.41,14,23,26,72,79722.27,-1.0409246480069716
3078.16,699.68,20,12,38,60,82511.22,-0.9563304725654757
4172.08,2061.02,17,63,34,59,67341.7,0.8026616478481852
5061.63,1849.4,24,45,33,54,93870.64,0.3910311350782565
4507.1,2149.45,14,59,19,56,89058.24,1.220065750822261
3281.93,1778.56,12,34,25,55,72257.36,0.4199319087445068
1859.82,794.55,14,38,35,60,53938.0,0.5603222383285446
4192.81,2291.63,21,38,52,62,57356.41,-0.8946748412359279
4447.37,1476.93,9,38,37,47,86602.53,1.3356301808942959
4597.57,1827.88,12,41,36,60,84557.45,0.6704275707537354
2889.3,1623.58,15,25,36,70,62101.56,0.7718984602630921
4273.36,1840.39,16,84,34,71,68969.76,-1.3358731364205434
3206.56,1912.78,10,40,34,37,61591.84,-1.0790063328412554
3244.38,2884.87,11,41,29,61,51647.91,0.12231454957953328
2420.47,866.25,15,39,46,45,54135.86,0.09788900589012876
3185.25,1789.81,18,17,30,52,73348.11,0.5612487471535599
4805.25,1888.2,11,45,43,58,81822.76,-0.6927344872256719
2565.41,1872.61,15,24,23,54,65756.03,0.8642975868144699
3612.78,2073.61,19,65,34,45,60975.8,-1.1680015086129385
2255.09,1060.01,22,35,31,64,60789.64,0.7451258114723964
3963.48,1344.09,19,67,39,40,70696.02,0.0980374218402746
2123.68,1937.04,5,54,23,53,49852.24,-0.3182108892499459
2812.24,2498.93,12,51,18,50,57568.61,1.5679977502193598
1922.04,1253.13,12,11,32,53,57927.39,0.0055870834346528715
2508.96,1328.41,13,67,14,56,68103.15,-1.0795919087906354
2701.94,939.43,11,42,30,63,69387.65,-1.0481228180386009
4338.81,1969.75,14,47,11,71,96223.11,-0.9737320959400736
3733.62,1804.3,13,32,34,49,73805.38,-1.09377393326703
2188.69,1077.09,18,63,28,68,55086.47,-0.947604794034165
2698.86,1711.18,16,59,21,57,60853.83,-0.4899199438652418
3811.15,2327.12,9,39,24,60,73008.34,-0.904926829578477
3983.01,1867.59,26,63,47,64,56760.2,-1.6837766437901156
4047.52,1932.94,1,68,37,49,64740.15,-1.240439103819675
3668.81,969.41,19,76,45,43,65724.2,1.713431177760539
3915.9,2449.31,22,52,13,55,79963.65,-0.5921636998134236
1802.94,1808.4,21,39,28,71,44316.21,-0.01268568368840348
3889.39,1631.28,11,48,39,52,70155.34,-0.3647208765518596
3882.42,2519.3,16,61,41,47,51573.29,-0.7324780979960676
4203.28,1781.92,5,47,46,55,68375.36,-0.05541007241268674
4281.79,2208.5,16,28,42,54,74264.76,-0.9492582108072714
4361.08,1596.53,14,59,59,70,59013.75,-1.7016702177902403
3491.04,1572.28,11,73,55,51,43733.52,-0.4083624482431573
3936.65,2152.88,21,42,36,69,68952.25,0.3759245959639386
2390.78,1384.62,12,62,34,53,50591.64,0.14586812398003104
2899.94,1620.44,26,45,34,63,60267.58,0.2826819359236008
1495.21,1323.78,25,61,32,47,37506.82,0.3929445648955303
3914.49,2154.47,11,89,25,54,63343.2,-0.19252083859140096
1187.82,1526.02,19,36,22,60,43415.39,-0.42940944892159133
4985.69,2742.38,15,49,36,58,76246.08,-0.9394746248726332
3179.43,2276.86,12,61,29,59,53864.85,0.9868967061941372
4779.17,1631.39,25,77,34,51,81259.53,-1.6155188048385856
3843.78,1390.7,12,73,43,48,64039.68,0.5867731701929297
4433.08,1277.24,12,41,50,46,78342.28,0.980433137496934
3704.36,1909.27,5,49,43,65,60349.21,-0.537269848607938
2086.32,2116.95,17,83,26,47,35419.49,0.14389079251596476
4423.54,2451.16,14,70,42,65,61206.58,0.8505169124559546
2044.61,988.07,16,50,36,46,49585.56,-0.3569960860141927
4923.01,1079.43,10,50,46,69,88416.16,0.30216724947929496
3632.07,1320.28,10,43,44,50,66538.33,1.7103726580649463
4199.69,1582.14,13,23,35,66,85875.48,0.2961076940869999
4501.51,2003.24,11,43,29,45,85785.53,-1.2286463334607425
4167.48,1180.61,20,50,55,55,66746.89,-1.2358629994508257
6288.71,2331.29,9,64,41,59,93368.92,-0.2605003601742059
3498.27,1545.37,6,72,43,56,55226.77,-0.3143953000598719
2073.79,1176.98,23,29,35,75,55291.01,-0.4805457586271445
3222.72,2289.93,18,50,31,60,56332.56,0.5192663150236416
3349.13,1271.04,20,76,30,54,67764.85,-0.44598396880926106
4717.22,1750.13,13,60,42,56,78144.47,0.7740514140390193
3182.7,1648.14,12,31,44,67,60017.4,-1.8851237595018717
4710.65,1788.01,17,82,39,56,73470.68,-0.9161338906899952
5398.53,2466.17,19,77,37,44,78939.57,-2.571235173323797
5055.39,1971.63,24,44,52,63,73709.54,-0.6876664790272166
3431.39,1653.47,13,37,22,70,78412.69,0.00879970524225904
4374.38,2100.85,13,56,61,66,50729.6,-0.5098932676672119
5700.43,1589.53,11,104,50,32,77231.38,1.9659121872098293
2424.2,1610.5,11,59,23,54,56554.04,1.249825321365461
1482.75,1615.85,1,58,22,60,40700.81,-0.10674045740472723
2512.74,1840.32,16,47,28,62,53886.0,1.1818027328818463
1451.27,2116.25,13,44,11,60,47287.59,2.6007803627756316
2944.36,1659.97,16,94,13,47,63425.46,-0.4420932441814028
4012.69,1775.55,11,18,31,65,84172.19,-0.6580805291292232
4528.43,1419.77,9,45,34,57,89275.0,-0.7335780037188979
4052.14,1600.18,19,25,30,76,87249.99,-1.497618665905982
3267.14,1729.49,16,62,29,58,63421.81,-0.3723573036097121
5273.76,2017.04,14,49,28,68,96260.88,-0.8633506954884704
3815.97,1927.65,21,65,17,40,76759.63,-1.1938909064276464
5884.2,2758.32,10,78,41,51,80956.77,-1.7796045365180362
3701.04,1866.72,19,29,43,71,66083.52,0.4491373138010782
2807.05,1707.35,13,51,26,62,61660.32,0.5263193675454434
3031.14,881.25,8,40,45,61,64328.8,0.3132831507900925
1683.56,2192.28,17,10,24,70,47499.85,0.6467392706015521
3578.38,1524.46,10,98,21,49,70229.82,-1.5325296522349496
4409.09,2914.87,12,44,47,51,55975.78,-0.22073201897324346
2758.87,2724.79,20,45,19,54,55628.25,0.98980730941875
891.72,1328.33,17,57,29,65,32401.54,0.27984459429656783
2289.79,1139.96,19,37,27,68,63210.56,-0.2745388248943555
3420.34,1828.52,13,49,24,73,72268.27,0.4243805244946999
2692.61,2064.56,17,54,22,63,56460.01,-0.8246501606517025
5125.51,1375.34,7,80,15,62,105384.45,-0.7897238544867806
3785.4,1008.3,12,85,13,57,88407.92,0.3705846645778447
3425.43,2173.66,11,42,39,44,54566.85,0.7247385508858594
3767.35,1222.91,12,0,42,72,85048.49,0.7450291509344565
4168.25,1477.63,13,28,36,52,85628.06,0.7843660124638087
2019.63,1496.8,21,64,35,65,40861.64,0.0708903545166214
2647.68,1927.65,14,49,29,63,53069.5,-0.5240872789371346
4841.75,2648.38,24,45,41,55,70988.9,-0.3629853648599757
2876.97,1852.09,20,42,40,64,51467.08,1.3198470867918786
1097.6,898.27,25,62,24,59,43458.55,-1.4228360850886133
4081.6,1519.61,18,109,25,73,72532.51,0.21294227372230726
3848.12,2634.96,14,36,30,53,65839.74,1.4939106686126848
2242.35,1146.21,13,39,34,43,55931.54,2.345872838752223
2548.99,1156.75,15,73,34,68,52672.9,-0.3465415423247952
4640.55,1302.82,14,32,32,78,99165.12,0.42231896869867896
2406.81,1071.03,13,51,23,57,66384.43,-3.3239276214717663
4284.04,1636.07,7,87,41,66,65267.88,-0.4902903340167404
4453.49,1847.73,14,44,48,61,70026.73,0.15816233404408314
3226.08,1865.09,10,49,29,73,63448.07,0.08044577231014585
1557.85,1898.56,12,56,29,48,34134.84,-0.33779511370722626
5589.77,1596.39,6,51,29,68,105783.14,0.002680542553782148
687.7,885.23,5,26,31,70,39156.71,-0.6104667184561802
3888.5,1112.72,13,38,44,62,76150.29,1.066392474538706
3921.29,1228.61,9,39,45,59,74993.78,0.3559224178581761
3541.65,2484.17,12,75,36,67,47002.67,1.2029024517007276
3998.53,1912.21,8,48,37,54,71107.82,0.3549347129974679
3946.9,2389.83,15,30,45,74,61667.13,-0.2715002231119962
2706.36,1412.3,19,24,24,67,71948.78,-2.1769858596468716
2502.86,1531.05,16,68,27,61,53484.35,0.3246556350845368
1287.03,1757.63,12,9,27,74,44652.01,1.1177107354561482
5343.39,1858.91,19,59,47,50,82277.93,1.0209434101178425
4541.41,2210.05,16,42,35,55,77767.2,1.3447553640328356
3301.8,1696.34,8,61,44,53,53170.32,2.064708560294537
5173.31,1896.55,9,54,30,52,94541.76,-1.028221920775625
2937.15,1182.1,9,86,22,68,63519.65,-0.8409610354014587
2611.7,1813.4,15,54,24,63,57732.56,0.5417798420997122
1923.02,1648.59,22,27,26,59,53822.92,0.3896346151924973
3214.58,1851.72,15,65,28,49,59448.89,-2.036330970170249
3471.73,1065.68,21,66,33,58,71914.92,0.19320475027322626
3414.15,1463.77,8,51,27,64,74458.83,-0.4146529658147633
3951.35,1452.05,16,49,23,58,87722.87,0.5445259653204787
3730.14,1820.73,18,27,23,45,83201.25,0.5584835629093745
2392.22,2052.37,13,47,25,67,50640.57,1.559443768499439
3148.96,1714.69,19,8,49,51,59257.6,0.9256193337251905
1889.36,1507.89,12,59,37,62,37812.06,0.6271925321047223
882.89,1393.99,13,25,26,61,39977.62,-1.4402552479815105
5446.75,2146.77,17,59,49,61,79311.7,-0.19830160968049887
3666.11,2191.38,11,54,23,65,70291.87,0.17983436369516512
3422.68,2297.89,19,41,21,61,70447.82,0.8286193089469853
3388.41,1764.76,16,46,43,50,57792.82,-0.5304456434771577
4766.93,1749.97,12,95,36,55,72925.97,0.3278705364834401
3897.29,1563.89,11,59,24,60,81231.45,-0.16423366284015786
3130.86,870.79,12,79,37,71,63605.54,-0.30397116099218546
3801.74,1516.06,13,74,49,50,56995.76,0.4215820279238777
3759.66,2261.93,16,52,29,51,66688.9,-0.7235208461575607
4333.54,2527.61,9,71,42,60,56317.92,0.037544239471555337
6725.24,2035.07,6,53,46,69,104627.56,0.09902589346705627
3632.98,1902.14,17,16,25,56,82053.53,-0.9167052876035816
2160.51,1554.3,20,48,15,65,61427.05,-0.7205620210971104
5811.31,2319.3,15,58,43,52,87042.9,-0.3147368569530529
3410.51,1471.29,13,20,36,60,75530.74,0.5772040759468874
2328.04,1806.61,11,47,22,56,57709.77,-0.3048075125609566
3472.54,2396.73,6,62,19,55,65313.79,0.8765511714566084
4171.68,2011.54,13,55,40,70,68559.17,-0.5435716221677063
906.29,858.54,19,36,20,63,50249.62,1.868899290065689
4083.05,1899.85,12,98,30,47,64152.05,0.7933258252106941
4687.54,1510.52,0,120,41,66,65135.78,-1.2695629509322996
4374.18,2143.07,14,4,54,83,69713.47,-1.0556975407294704
2440.7,796.43,23,39,32,47,64166.02,0.6580578132520238
3426.3,1178.53,19,54,33,60,73281.47,1.9423330658746372
2173.6,1428.36,11,33,24,65,60245.22,-0.8487468814482415
4456.04,2484.54,14,30,38,62,72923.85,0.38101358307398536
3223.6,1319.21,4,76,22,68,70844.51,-0.4678123345500322
4333.38,1897.34,14,59,39,44,71113.5,0.8358395628882428
3177.28,2484.35,13,78,20,53,53820.2,-2.0340880432558723
3384.27,1690.92,11,48,24,65,72647.14,1.3060288806188427
5037.14,2109.59,20,70,38,75,76151.51,1.1706845930841288
3211.97,2164.14,5,58,43,63,46215.97,1.013245646646982
3240.23,1313.31,18,31,29,60,77611.36,-1.0920500399030022
3855.31,2406.06,11,47,33,69,65061.68,0.4255028277904309
2020.54,2099.69,16,48,21,73,46282.24,-1.185833246039414
661.66,1012.1,12,36,30,52,35914.14,0.22185103127833566
2409.31,1856.06,9,33,20,51,61053.82,-0.7155222241563343
3222.92,1165.83,22,82,41,75,55429.32,2.111616264592843
4658.25,2027.44,12,70,19,60,89658.34,-1.871788455814117
2917.78,1305.26,13,40,46,55,55787.98,-0.7205507503581248
631.17,2095.93,20,30,32,73,20000.0,0.3640865976753074
1500.51,2165.87,8,67,11,52,40341.76,-1.7221391707302782
4786.96,1352.96,15,84,35,65,82886.85,-0.07409708513608579
1414.83,766.09,11,67,17,63,54818.86,-1.7365185526938138
3744.9,631.08,18,47,37,70,83943.77,-0.30245864186075816
3403.45,1965.44,17,68,28,58,62201.81,-0.4514698795180138
4210.97,1993.82,5,86,32,46,67767.62,-0.2052007503801852
2833.71,1314.77,10,24,22,53,77470.87,1.5278386010423135
1901.09,1671.97,16,55,20,52,50742.52,-1.0488310615953629
1972.67,2251.82,18,58,18,62,43442.73,0.4673064283683557
2903.57,1501.31,13,58,15,20,72422.78,0.5553379627469225
2543.75,1785.07,19,27,15,56,71260.96,0.2650834094417425
4045.36,2101.24,8,53,31,51,70644.85,0.7311206183751622
4228.34,2501.84,3,50,29,54,71101.95,-0.8727967271492585
2090.8,2344.94,14,57,33,68,33315.78,0.4187899649767344
3103.19,1440.69,17,46,29,58,70106.72,-0.012808647598506835
2818.9,1733.61,20,75,28,58,52812.92,1.1378710672188097
1540.15,2419.18,9,33,22,52,37374.92,-0.5522287021935739
5725.07,1902.68,17,51,36,64,98308.79,-0.8616522979141759
2949.54,2039.25,19,58,43,69,43918.52,-0.06468019792235218
2064.81,1273.9,19,62,32,67,47244.57,1.3018606105933772
1602.87,1594.53,5,35,10,67,60731.86,0.14547436781199327
4947.2,1509.13,14,52,32,54,94668.82,-0.1197436905735458
4083.77,1872.96,11,75,32,57,69112.16,-0.15832991961669976
3436.61,1454.09,13,58,17,63,80779.58,0.25552191006177843
3048.59,745.88,11,60,16,69,84394.67,-0.8975099230011583
6158.96,1795.46,10,53,44,54,102031.88,-0.2049978441054905
4368.91,1110.77,11,91,47,48,67163.88,-0.12632558008380124
2476.87,2639.73,4,31,39,44,36319.37,1.224055189130277
2753.83,1237.86,8,15,24,76,79758.73,1.9377424745716567
4845.68,1188.57,18,35,47,56,89706.19,0.6687211316429108
2200.16,1178.59,6,48,18,59,64719.22,1.0727490623941751
4362.76,1534.33,9,42,26,62,92390.09,-0.4916343659839149
3283.04,1547.47,8,51,29,54,68925.51,0.3963820787410584
3139.0,1374.12,14,42,32,69,69774.28,-0.6612466387367
3333.4,2149.89,8,55,36,68,53271.41,-0.4234294655766739
2770.65,1939.35,13,47,14,47,69368.52,-1.8712337981125358
6675.42,1778.3,8,44,45,59,111309.91,0.8761814820072099
4101.91,2433.99,6,45,40,41,63947.92,-1.4467004315193546
2181.79,2228.41,16,31,26,66,50415.89,-0.7289219550339525
4433.75,2099.19,4,37,38,44,77257.32,-0.1947838474234751
4655.62,1497.89,12,81,45,64,69882.51,0.01901618978612107
2935.39,1325.35,10,23,41,67,64331.06,-0.43386517309982375
2893.34,1256.09,23,100,22,69,59285.29,0.3758451631631198
3470.24,1602.74,10,34,35,72,72206.2,-0.8325330047904934
2944.06,1366.36,18,62,23,57,69163.49,-0.29439069820967784
2867.54,1606.33,12,51,31,47,58400.05,0.5379313376576895
3531.67,1505.03,20,71,30,58,68657.96,1.1366770337960497
3338.02,1279.49,8,48,38,55,67540.96,-1.6385918990971389
4477.01,1506.03,4,74,35,63,79879.71,1.5768299021161003
3216.08,1490.46,15,71,23,60,67259.32,-1.6736741239738182
3121.2,2338.27,9,53,15,44,66175.39,-0.4589083463194785
4505.85,1974.93,15,71,34,55,73393.01,-0.9043508358024216
3154.15,1731.51,20,58,36,53,56601.99,2.7807178859670167
3762.25,1275.96,4,38,28,60,85199.54,1.7002922349564409
3234.53,948.93,10,42,22,50,85088.61,1.1196809475048437
4129.43,2166.25,4,66,30,46,69308.64,-0.3739366735796133
3147.68,1435.99,16,47,26,57,73454.96,0.5892956431260689
5315.87,2461.49,16,88,41,62,70892.02,0.1753006006062662
3460.63,1597.68,6,110,33,56,52789.25,-2.172963653558368
3204.15,1363.37,10,79,34,72,57923.03,-1.4484002716946751
3411.13,1344.13,16,37,43,69,66361.22,0.7847140914105105
2919.04,1555.78,11,56,32,56,59191.5,-0.6376113806614466
5049.07,2435.36,19,54,39,63,77477.5,-0.004939419070303489
3132.57,757.77,10,68,26,62,74688.58,0.5435868737831738
3173.83,2134.45,7,63,23,54,61579.81,-0.3693498449884252
2716.6,1203.96,18,62,25,52,64947.48,-0.1991559585836716
2562.12,1421.62,16,29,27,67,66081.93,-0.10569630707649773
5646.38,1646.09,12,72,37,58,94890.69,0.03622624636552137
4030.01,2012.65,6,80,11,51,82198.29,0.10479799185823746
4145.44,2706.7,9,67,34,44,58885.93,0.6074577821954811
3261.52,1601.57,13,70,25,64,65874.29,-1.3959792753976787
2166.06,1582.41,7,45,30,49,51533.47,0.3093792268421577
1474.09,1779.82,9,16,36,76,38415.4,-0.4601521214151909
2683.64,1614.71,26,63,14,41,67127.05,-0.7381642221224547
2983.18,1327.63,10,19,51,47,58673.97,1.6737971655568744
4031.96,1883.45,22,50,49,55,59613.72,-0.12385699025189588
3403.64,1829.15,17,39,35,60,66693.6,0.3969174008931095
4220.91,1339.0,11,49,37,45,81186.5,-1.0923399149422346
4525.27,2201.74,13,44,31,59,80402.76,-0.2939731026784262
3687.23,2208.69,12,47,37,47,60099.32,-0.09430850762724433
3712.02,2714.03,5,46,32,50,57357.08,1.0346456939452835
2592.75,1387.41,13,83,28,62,52539.85,-1.3429875020636155
2720.03,1129.05,13,39,21,61,75466.62,0.3642865353741879
5986.17,2732.75,17,29,35,48,96317.9,-0.3249954994581953
957.76,1298.87,15,12,21,77,51084.7,-0.06131126607156345
3789.92,1115.84,10,41,30,57,85433.04,1.3865834180527996
5395.73,2171.21,14,41,42,65,88521.45,-0.8657430776753167
3292.05,1628.22,9,75,24,64,66396.04,0.5253024459769852
1450.74,1879.4,16,61,25,50,32604.14,-1.2863874041621304
2186.88,1686.29,12,28,24,54,57760.97,1.7106932944163942
4656.81,2353.7,9,48,37,57,75744.82,-1.6206408059651
3368.06,1058.13,18,39,48,64,65586.27,-0.5640175980541423
2598.13,1173.25,12,69,32,68,54636.23,-0.9670314128731776
3308.06,2519.14,18,51,48,78,40797.48,0.8330590581317308
332.98,741.61,10,45,0,62,57884.38,-1.5819708440713085
4874.32,1591.16,23,44,39,61,88130.47,-0.6968940064448641
2630.66,2106.61,11,47,18,59,61363.61,0.6321958702251184
5596.23,2384.91,17,52,40,48,86536.99,2.1207610686149274
5510.66,2445.27,12,45,42,57,84715.63,0.28630583486814026
3343.89,1584.59,15,58,32,57,64655.39,-0.6820595972158959
2445.94,1292.94,8,59,25,62,61058.73,0.7909330991441688
3220.0,551.69,7,35,42,53,76776.83,0.6088624464185881
1116.91,1039.48,10,6,24,52,55286.95,-1.6606665770580717
3589.84,1702.49,16,51,24,50,76072.52,-0.5212375261035519
2438.64,1803.94,15,75,44,51,32631.07,1.4136150355694108
2531.45,1228.15,16,10,31,49,71764.03,2.5308628586316115
4626.84,1862.25,13,58,30,63,85407.32,2.6115358907530593
2670.54,957.9,5,58,20,57,72855.79,-0.12847194979599558
2531.66,2198.13,8,59,23,54,52584.45,-0.7958931986979535
4274.07,2214.3,15,49,51,47,60089.57,0.2948271702485905
4282.11,2405.6,18,54,24,62,76853.89,0.9159013452083206
3039.36,1418.66,20,78,25,48,62802.4,1.0448798239305006
2563.05,1595.41,20,14,26,54,68098.09,0.16326458652486212
2401.29,1773.94,16,32,11,53,70692.33,-0.3120569609461623
2902.17,2139.53,17,38,37,60,50818.81,-0.21040682187283702
2514.46,2069.11,16,22,31,69,55987.61,-0.6843290316638249
5517.57,1390.73,22,56,43,50,96591.7,-0.3220806286765136
3983.6,1076.67,26,97,28,44,75756.44,-0.29107314797168743
2839.11,1604.53,17,31,36,64,60272.44,-1.245588882815008
5101.77,2258.69,18,77,34,50,77408.63,2.3500135193466285
1039.09,1121.41,14,60,42,52,24952.08,-0.2293527075856656
4012.41,1710.62,9,66,33,59,70074.54,-0.9294109568816435
4854.02,1633.19,8,16,23,40,107337.86,3.2275741082877882
4305.33,2035.05,9,39,45,61,69972.77,0.17499586263789554
3304.68,1482.1,8,56,14,56,81081.78,-1.673421056881147
2395.7,518.49,8,52,36,70,61138.3,0.5454220928983061
3872.59,1385.09,6,76,31,53,73547.29,0.4914380884908085
613.33,425.05,13,36,22,63,50447.35,0.2190029674768756
3604.14,2021.57,12,49,22,60,74084.48,1.3737527037570456
4421.04,2208.48,2,61,40,66,67487.1,-0.21040209045393607
1267.76,1375.27,9,42,21,46,46393.23,-0.20920436612443594
861.13,1231.52,5,53,19,52,40385.21,-0.3747257164806925
1918.01,1105.74,21,39,33,68,51747.04,0.24743282860693214
3858.7,1345.14,17,93,35,51,66953.49,-0.6681611540349065
3764.16,1811.91,11,44,27,71,76355.91,-0.8967755778416275
4005.24,903.57,11,82,49,63,67040.79,1.7772309608310093
3237.2,1164.36,7,39,32,78,73781.76,-0.578058007134744
1232.08,1083.1,12,24,15,58,59316.37,1.109103186773263
2844.42,1626.1,20,35,34,70,62208.26,1.2935333156855846
2382.53,805.55,10,82,42,62,46631.95,-0.14497207266190087
3506.11,1719.39,14,60,41,64,58160.35,-0.692502646796267
3009.02,2555.09,18,24,22,51,62938.04,-1.3616188255501025
3375.36,1714.15,16,72,46,49,49206.78,0.13656268038458233
3931.62,2028.52,22,50,34,68,69587.68,-0.6856406600287461
3814.26,1696.1,18,28,20,59,88799.85,-0.19547265905769187
3851.35,1726.14,19,46,30,61,75737.19,-0.5702706898473953
3973.02,2624.09,10,61,22,66,67980.62,0.6219127261043702
3677.56,1148.8,10,28,38,56,81703.45,-0.10200055999970137
2459.74,1540.81,3,20,22,67,69716.14,0.08612997368153608
2782.06,1218.12,15,79,29,66,58364.68,1.6064710798129094
2479.55,1966.29,8,49,13,49,62425.31,-0.8479102198775123
3790.58,2143.45,10,55,33,56,63693.73,-0.017679853647727062
2386.86,1756.53,13,9,27,59,64557.24,-0.6150349169426418
2296.7,1352.68,11,82,40,69,38737.16,-0.15053975486925242
2903.43,901.4,20,14,42,59,71816.25,0.3759252929152975
3616.5,1265.08,4,14,42,64,76514.89,-0.5300836033499221
907.03,1900.29,3,39,16,73,38337.82,-1.7758980488467095
2367.52,1287.06,18,24,33,50,62459.47,-1.1553917999805172
4130.29,1770.04,14,42,37,93,75706.02,-0.2477479615553812
2628.19,1109.08,10,46,14,35,77646.0,1.6040616290350556
2192.99,1083.38,20,41,32,57,58892.81,-1.191612649925602
3880.65,1456.27,10,69,36,57,71679.29,0.3707557508454473
2541.97,1486.18,15,42,25,64,63594.57,2.45404877158678
4334.08,1849.41,17,52,30,62,82748.04,0.4815371569955443
3147.17,2531.26,14,32,26,70,59112.83,1.486427261606137
2183.83,1831.92,23,56,23,65,51166.04,-1.032579501256619
2076.25,1620.59,12,47,29,58,49007.13,-1.94952457659142
3363.89,1603.31,17,21,36,74,70352.23,-0.41876602894462267
3477.26,1751.17,8,41,44,68,59949.86,3.2507294069347314
4596.44,2724.64,15,79,40,59,58854.53,0.4104506168043039
3694.4,1893.62,16,55,33,52,66598.3,0.3305734253725891
2372.95,1795.67,14,67,29,48,47025.89,1.4376850714820268
3475.78,988.09,17,49,18,53,91084.95,0.824947199159598
4236.03,1623.89,17,36,34,71,84153.61,0.26347744631423425
4417.49,1708.77,13,37,43,51,77651.6,1.718435562075297
5855.74,1919.86,7,39,50,53,91398.35,-0.5700931416987904
3236.88,1515.39,18,51,28,57,70276.81,0.5176445554768502
1074.98,2070.54,14,0,35,63,32346.81,-1.4426565695123046
3244.21,2739.63,22,69,20,56,53979.13,-0.3483634243139344
5461.71,1661.91,19,27,38,50,103351.63,0.3773629856223916
3197.45,1744.73,17,33,52,63,51072.02,-0.4644035675321124
1805.8,1833.39,25,69,33,58,32125.66,-1.8599579161848336
3425.81,1403.13,15,67,39,49,61451.14,-1.0700233689623884
3623.99,1202.51,14,27,35,58,80578.46,-0.4734677886626189
2374.66,1057.18,12,58,29,63,60317.45,1.240730876867683
4066.12,994.98,12,81,30,68,81239.47,2.3071122883818287
3710.4,1330.85,8,59,18,56,86599.19,-0.01805492512086735
3932.52,1752.36,17,74,26,37,74002.58,-0.928926763302524
5414.1,2353.89,11,64,28,52,90182.5,-0.97792554965063
3456.93,2548.42,12,24,54,64,44472.83,1.0656611770545152
4674.63,1747.79,5,41,46,48,77984.07,1.065824556582134
3054.75,2240.2,13,46,38,50,49024.49,0.6061351438206237
3121.31,1555.43,15,60,39,63,56824.52,0.5024947383251327
2158.64,2210.59,15,24,24,64,51740.03,-1.1966790249260566
4787.35,1782.59,12,51,32,59,88497.3,0.7812198335902053
2147.8,1534.42,14,59,18,72,58091.12,-1.99888170847578
2717.76,2173.12,11,37,24,64,57862.12,0.42635156848103134
4733.11,1118.96,18,61,41,57,85939.41,1.4357770069016411
3720.69,2726.34,13,60,23,55,62668.84,0.6819486802331971
5000.12,2385.12,23,32,28,57,91606.19,0.4816729886099812
4883.93,2077.66,20,87,30,34,78201.03,-0.764080969886695
2545.93,783.81,6,64,36,67,59078.59,-0.037211946428453456
2529.87,1174.91,19,18,20,68,77289.88,0.25351052824125325
2756.52,1339.92,3,27,39,48,62683.39,-0.7106912975566171
2055.56,1268.64,13,39,33,56,52661.44,-0.5786907615717439
3115.28,2475.59,14,28,33,79,56280.06,-2.0367954899892964
4017.05,2013.77,23,33,55,56,57616.05,1.9438885062295703
3845.81,2429.24,10,49,45,59,52197.49,-0.8452986444371529
2121.44,1629.43,21,63,28,38,46042.35,-0.7931649906473686
3683.84,1287.79,19,61,39,74,68937.5,0.4989061772543978
3161.07,1579.94,25,51,33,63,63733.5,0.6117264032749051
4414.45,2209.66,3,76,23,70,78595.27,0.6287014512828628
1877.08,823.87,18,42,32,65,55008.03,0.2593564217690301
3443.47,2180.65,10,46,25,37,66680.78,-0.5652768504570536
3371.32,1109.83,15,49,35,43,73685.04,-0.7504199697614317
3869.0,1470.36,13,37,43,54,72452.22,1.0135832115087469
2077.28,1373.18,12,37,25,35,56152.1,-0.2987873791350497
6400.35,1984.69,21,44,39,60,110067.21,-0.2781813448677922
3779.4,1694.55,16,50,38,59,68370.08,-0.30148090445697057
3618.88,1271.04,15,38,36,56,76147.27,-1.2340046959002684
2983.44,1848.54,14,84,27,51,53911.82,0.9738113945421256
4944.02,2071.11,10,58,39,75,78787.08,-1.637022733963429
3216.87,1195.01,5,29,32,70,76900.37,0.13218529022005845
4699.54,2343.98,17,31,36,55,80916.4,-0.991571905074236
1384.87,1199.6,14,1,37,67,48718.52,2.739834117578245
4066.71,1583.08,19,70,48,74,62385.01,0.1289636707799843
4940.26,1502.35,21,89,21,45,94556.57,0.8377722764445041
3507.57,1520.19,11,55,36,47,66293.39,-0.6517325101848578
524.31,912.92,12,26,16,52,50983.43,0.3020807719822587
3684.76,1459.75,15,46,54,60,58930.69,0.8526318548909845
4334.16,1619.84,18,55,35,72,79362.94,-0.8350591151287072
2171.94,1474.99,10,40,27,53,54899.96,-0.4045950328010183
2772.34,851.18,16,28,33,61,73633.89,-0.20515431920244
3771.81,1887.78,16,68,43,70,56499.56,-0.6463528526238458
2672.88,898.43,9,69,43,73,51629.16,0.27808712257108176
4375.25,1833.45,18,28,33,69,86186.66,-0.8642593497978208
3884.09,927.98,18,54,37,64,80561.99,0.2786977392416054
3834.14,2369.84,4,70,20,63,70349.95,-1.4866699724881642
4943.93,2323.11,12,58,34,64,78672.91,0.6897286528957701
4409.74,1148.76,14,51,11,48,109992.36,0.2618392448165872
2277.61,628.24,12,64,20,53,69833.51,-1.5005326364478049
5130.7,2323.29,15,63,40,63,76988.68,-0.8279320715921513
4577.48,1777.55,16,52,34,42,82207.08,0.3630550812303376
3664.05,2040.62,23,56,29,59,67559.6,0.9908186561671452
2629.7,2074.75,15,46,29,43,53048.16,1.0505245071845508
4786.92,763.15,24,60,42,55,92996.5,-0.7358069542863386
3613.11,1376.82,16,42,48,62,62603.26,-0.1427197611877874
4312.21,1834.31,17,69,40,55,68320.16,-2.076801460670206
4221.1,1934.54,8,56,47,66,63594.46,-0.11407061696416075
2062.38,970.49,19,45,42,60,46616.77,0.783684095311873
2999.81,1826.36,19,50,28,66,61870.17,-0.4722280711749013
4325.21,886.39,16,59,33,63,90543.53,-1.291435535172735
2579.26,958.95,13,42,19,78,74933.54,0.6331694940869945
3812.15,2671.82,13,42,38,55,56375.66,1.3737850609340885
4218.88,2005.12,16,40,29,45,81462.27,-0.17631723768686816
1804.74,1447.79,15,61,15,44,55068.73,-1.0044081799913225
2702.22,1536.88,17,61,17,49,66095.62,0.6356516944548841
3600.6,1526.48,18,49,47,54,61404.09,-0.7472221566956144
4847.52,1587.73,20,79,24,45,92746.61,0.6509899357996924
3881.96,1061.31,16,54,27,52,87973.08,-1.1242936224771334
3565.09,1900.73,15,64,40,57,58103.96,-0.4765935955880201
3057.15,1363.19,22,67,48,41,46686.24,-0.4514540589632957
4932.64,2146.95,10,77,55,57,58781.52,1.1889198544984452
5060.35,1323.34,10,48,48,65,87600.59,-1.6524493283021084
4383.9,1629.47,2,48,32,40,82909.8,-0.5019281372088631
3073.87,1459.92,12,31,30,80,70470.02,-0.9866912431982156
3910.59,2177.88,5,31,43,35,64407.97,-1.5351670391005048
4769.74,1934.32,20,70,30,57,83809.41,-1.0099709092927602
2622.87,1734.33,9,52,49,56,38348.88,-0.21626579199602192
3741.75,1964.46,19,57,38,63,61840.27,0.0032332287677070445
2003.31,1790.67,25,41,30,67,43912.04,1.0519128806303977
2812.14,720.6,8,65,29,57,69809.15,1.7539156448551714
3647.35,1727.05,8,76,34,53,62319.04,0.4952829531719458
5067.89,1696.3,14,78,34,56,85471.1,-0.18131624494632714
3930.83,1761.76,11,36,27,61,82097.42,-1.3435755534919778
4116.78,2115.59,8,4,38,34,79890.97,1.2389180582685109
3057.68,1547.49,8,52,18,44,73925.19,-1.708812785267403
4533.02,2305.97,11,23,51,60,68119.11,-0.6146147498317737
3601.3,2001.09,8,41,50,88,53171.12,-0.3032198214923453
4797.89,1300.06,18,48,44,48,87033.6,-0.09643670206652934
2261.55,801.68,1,33,44,54,54258.1,1.345720734138931
4310.47,1561.39,15,48,35,49,81949.17,-1.098140292525987
2932.77,2103.37,12,8,40,67,56888.47,0.241172342553804
5796.5,2495.43,14,46,35,85,92734.76,1.2355517273234635
1423.1,1967.72,12,65,25,61,33881.17,0.8769216771629716
5483.67,1684.2,14,86,41,53,85470.8,-1.6345423470862768
4883.91,2201.69,9,84,41,59,68142.11,0.9676855427679434
5202.19,1435.88,5,64,26,78,102728.91,-0.9812530531812008
3790.62,1801.43,12,29,31,68,77134.49,0.2035138265256788
1543.66,1927.87,10,49,16,62,47238.07,0.7852818552858077
2983.05,1517.2,14,65,41,56,52682.44,0.17604840635120372
4023.07,1500.92,12,72,22,74,82205.99,-0.4630131247622275
4865.71,1914.88,19,68,51,59,66978.56,-0.3115010880035162
3403.57,1034.1,3,67,52,48,56260.08,-0.6526913431525562
4367.85,2000.79,16,33,41,69,77036.83,1.5198015645495184
1757.5,1030.99,18,24,24,54,61676.03,-1.378348498823279
3748.53,2568.34,10,59,27,44,62085.51,-0.867486523302215
2399.67,1469.02,16,40,18,60,67264.86,-0.7004743254632984
4507.79,2292.98,15,72,33,56,69748.64,0.35483159880258025
2205.93,1299.24,11,45,23,46,60262.9,-0.2641846058257349
3888.93,2517.55,14,38,36,73,61760.44,0.6039588487093492
6672.36,3037.84,11,63,47,55,85480.73,0.24295559442611145
3156.75,2499.6,8,87,42,74,34238.27,1.9539599033132824
3069.07,1634.93,9,25,25,59,74992.61,0.8075029097666452
5670.75,1454.82,23,95,34,63,94127.72,-0.14507809954014794
4566.32,1655.87,20,20,38,53,89730.72,-0.7537942220211145
4190.94,1573.1,12,51,35,64,77751.16,1.3966996846525066
2095.84,1897.21,25,27,35,59,44482.84,-0.5443112471343324
2667.34,1374.59,18,43,34,60,59301.55,0.4198768205975237
3514.36,1609.84,2,29,31,56,77811.71,-0.2271447308272004
3047.5,2103.58,17,61,29,62,54318.05,-0.3200115741648461
4727.26,2116.32,15,79,55,66,57265.21,-0.21998536518656767
3345.03,2148.09,17,80,18,47,61508.46,0.04430652561650967
1306.46,1117.15,10,42,28,64,45803.73,-0.7194214984628549
3117.91,1730.71,23,52,30,53,62885.12,-0.7406363238477522
3957.68,2365.7,15,68,37,58,59021.49,-0.6793230976591585
4035.41,1280.81,10,69,39,49,71904.96,-0.6844091729301821
4299.57,2193.58,9,16,60,48,60585.74,-0.0918552234976271
3473.08,2401.55,11,41,24,42,67333.33,-0.5613427088246159
100.0,881.28,11,27,8,55,48220.19,2.05308333770332
4001.75,1188.6,11,26,31,58,90998.47,2.7808958088606603
4568.0,1919.06,22,58,41,60,73566.84,0.8073035183948666
2548.12,2490.14,16,54,26,61,46761.99,0.6024342891090454
1932.42,2051.88,17,39,29,54,42033.35,0.6544526939643408
4533.76,1202.22,12,74,35,43,84891.51,-0.6162985678895458
3180.79,1079.91,7,30,26,58,80347.91,-0.0266328938873774
4409.89,1889.93,14,58,37,55,75515.26,-0.5820903390668369
4274.01,1793.1,9,35,44,55,75218.33,0.7485917339646804
2419.42,1194.51,12,73,20,54,61756.7,-0.3903399582265785
1899.77,1135.49,15,58,16,74,60866.24,-1.4060970771488075
2321.83,953.79,15,63,44,47,46209.6,-0.27526287313039216
3378.33,1684.7,19,69,33,49,61841.78,-0.2763418985504376
3982.74,1564.78,16,47,36,64,76041.39,1.1683183752866733
3779.61,2003.55,15,56,24,71,74272.31,-0.43773467259421417
4332.77,2369.38,13,64,31,44,68919.77,0.5272953937748227
1781.8,1661.22,12,67,25,49,41735.43,0.7278532475256348
3746.02,1432.28,9,44,39,62,72645.07,0.8764101742485016
2795.69,1902.21,4,33,26,73,61447.77,-0.8443154615200616
4053.45,2097.91,6,71,41,77,59980.78,1.379134609860709
2587.54,1714.25,21,41,32,69,54450.97,1.593507949368258
3382.62,1714.33,14,74,20,55,67820.71,-1.376845047462886
3962.47,1694.17,18,69,42,38,62737.41,-0.3073123752443711
3706.18,1755.97,20,48,36,40,68022.64,1.2928395238113497
1894.11,1465.42,8,48,29,73,47478.42,-0.1398467738821134
4848.78,2174.53,9,74,29,67,80005.64,0.4550839965446398
3826.18,1192.92,9,73,27,67,78565.99,0.7793074148502562
4677.43,1291.56,9,81,37,68,83332.58,-1.9390425899927384
2084.57,1602.08,8,54,15,66,57638.19,1.0859297581116292
3568.26,1838.53,15,2,41,58,71204.31,0.7306197182954783
2822.25,1928.42,18,41,28,74,59482.73,-1.3018469320666102
3116.36,1380.07,16,49,28,67,70220.55,2.322974421678748
3146.87,1010.94,22,66,58,74,46240.0,-0.6351585699197699
2832.02,1744.17,19,50,41,76,49638.21,1.0741022586277171
2365.1,1333.24,11,53,47,62,40721.79,1.204088951051609
4424.94,1140.88,21,51,41,69,84019.14,0.1572345442282742
3021.13,1255.1,6,31,41,41,63320.54,0.15429307893973845
5345.45,2072.52,22,21,43,49,92380.99,-2.321368887642594
2178.01,1770.91,14,40,34,70,45953.26,-1.7829833466211376
2651.29,1072.44,7,59,49,67,47450.62,0.6583435632071061
2910.58,1838.28,24,59,33,76,52889.01,-0.8129239449091052
5931.49,1722.79,11,43,53,69,93499.46,-1.906418276107083
2023.8,1427.38,4,32,24,42,59543.02,0.9784032866767683
2310.83,1854.31,7,22,7,54,74179.82,0.6309179970509777
4031.46,2293.65,10,82,20,53,70630.16,-0.6902502384285584
3640.47,955.57,7,40,27,54,86954.78,0.07614953257697095
2960.75,1662.93,6,34,27,61,68764.68,-1.3941010847740365
3366.09,2175.86,17,76,24,53,58667.82,1.0003700265535
2599.87,2286.78,16,55,30,55,46316.02,-0.07697728927987632
2623.01,2737.9,17,13,39,68,43665.58,-0.05549766598495288
2549.36,1219.05,12,68,47,35,41755.44,-1.3012609451204482
3949.61,1728.45,11,71,33,60,69311.69,-0.09562127526399447
3998.6,1189.74,18,68,36,52,76550.07,0.2564766332936707
3163.72,2289.36,23,52,30,63,55674.61,0.9685566428853284
5168.65,1748.76,7,108,40,47,74817.27,0.1122263728280746
2129.76,1168.58,10,55,24,48,57686.41,0.21686074814744605
4229.89,2162.46,24,50,52,67,56579.69,-0.8296461012101198
4000.6,2538.67,13,51,23,58,72728.87,-0.9298411130099429
2906.67,1002.72,14,78,34,74,58581.32,0.12341956276184993
870.45,1324.88,6,46,24,51,36849.01,-0.8837437147754102
2275.55,1281.81,7,7,34,49,63399.16,1.8676019315803671
2715.92,1131.39,11,34,38,56,62748.16,-0.8011348279111732
3089.03,1390.67,13,59,19,54,72596.01,0.6848103528642039
2238.3,1228.14,16,27,27,53,64930.31,-0.5550690349105519
4692.18,2201.12,19,73,36,64,71704.3,-1.711850615757588
2698.57,1273.91,6,66,18,64,66860.38,1.6078802650177968
1730.72,1616.43,16,28,19,39,56857.89,0.5473652995644194
1481.04,1449.37,8,33,30,63,44843.1,1.0333567929618968
2218.38,998.78,11,31,27,59,64968.12,-0.9445904634145114
3334.5,1549.84,16,42,36,54,66737.38,-0.15113495888816136
4803.47,2337.74,14,82,33,71,73090.93,-0.5333359364203458
4389.13,1303.3,8,65,37,40,81994.01,-0.05811499776227552
3548.76,2310.8,16,48,30,50,62228.98,1.152006300604141
5728.64,2529.16,22,86,37,57,81343.0,-0.024764782140271425
2887.98,1007.38,15,71,20,61,73675.06,1.568741509153074
3691.69,1816.21,10,48,26,44,75925.27,1.1384243360562214
3903.31,2112.26,18,48,30,34,71776.29,-0.1490379846717445
3400.16,1571.99,13,60,37,75,62513.59,-0.3618553692711116
2946.99,1548.78,25,19,34,57,68827.39,0.9625679963296551
2108.41,1730.48,10,51,34,56,42620.95,0.24083908365013554
3361.23,2038.76,12,85,14,47,66764.66,-0.4535279423703527
4162.43,2097.06,17,95,17,67,74973.56,-0.2462716411625023
3636.35,1499.06,5,19,36,74,78864.4,-0.1583105545280673
3726.79,1725.32,11,52,23,51,78678.45,0.0031709727240113936
4409.57,2810.71,13,19,49,53,62273.21,0.29710556548235595
3925.73,1394.22,11,85,36,59,66216.73,-0.3866697199727449
3894.93,1656.03,12,87,36,60,62951.12,-0.4114772245455973
1852.67,2367.39,9,18,39,45,32530.39,0.362562082770386
2039.76,1323.74,17,35,24,57,59941.65,-1.0881819485079802
3716.28,2267.64,12,30,33,61,68679.27,-0.5933473850033594
3112.85,2035.65,13,23,23,37,67931.41,1.2758654714426625
4925.17,2400.37,8,19,50,59,75838.99,-1.3956875610395596
3850.83,2234.9,14,44,49,49,53423.47,0.6390540196207325
2573.51,2014.6,16,13,40,61,51927.34,1.4223300649893464
1334.64,1132.74,10,46,35,63,39179.74,-1.6604691247048882
1990.17,1305.74,22,80,27,53,45149.0,0.2272142369606266
5905.16,1462.63,11,75,44,49,95841.2,1.0885999472385035
2785.51,1778.32,11,73,38,51,43234.36,1.2822409633486085
2974.12,1600.98,12,41,37,39,58525.73,1.099952406270552
3561.3,1724.93,7,49,48,44,56216.82,-1.651394081432722
4128.86,1275.68,9,74,50,73,62466.89,1.3272324608405588
3958.51,2335.22,14,48,41,75,61159.84,-0.07980190305563106
3932.99,1439.88,18,45,23,85,88148.34,-1.6115309788356618
2211.09,1764.3,13,67,24,48,49731.26,-0.8456084749570574
5801.8,2297.94,11,74,36,55,91138.11,-0.5460690656446703
2188.44,1311.6,13,54,35,69,48391.48,1.6293565421480074
4122.62,1612.36,16,24,30,68,87824.58,-0.3047053740359713
2879.67,1335.51,10,43,24,62,72218.96,-0.5875467812427826
5311.31,1642.41,5,81,36,38,87285.28,0.6585381845306638
4829.87,1370.77,16,66,45,55,79709.32,-1.5475820350069949
4085.65,1530.41,13,10,27,57,96059.29,-0.11429580340237724
1318.27,1517.67,20,19,22,67,50652.66,0.05192060204987792
4286.65,809.78,13,77,54,77,68842.38,-0.2064073076768523
4326.11,2765.79,5,35,30,60,71069.13,-1.5685285642049691
1891.44,1375.53,7,57,47,61,32502.76,1.5928065286661108
3071.0,1669.99,23,20,28,70,74086.16,-0.08313526957166555
2206.31,1632.2,24,33,33,60,50969.98,0.40485774615196857
3404.44,1869.68,17,47,26,67,69674.39,1.0096525937912737
5322.8,2181.49,17,62,29,72,91887.13,-0.5495523750661343
3238.02,1086.81,14,64,20,73,80092.94,0.1682652384708032
4685.82,2000.53,10,55,48,60,69695.14,-0.4056862292429477
1467.04,1807.56,16,48,9,51,52720.48,1.726288608745949
2258.97,1062.06,9,61,18,59,66913.03,-0.19009278814412886
2860.53,1530.29,16,7,33,54,71435.59,-1.15134391902023
4123.98,1356.83,12,42,32,51,85334.43,1.2939412045480931
3355.58,2034.51,15,73,30,50,56685.54,0.3238806395790464
3574.23,1474.48,7,26,34,67,76655.86,-0.9559002683325936
3227.53,1933.52,21,42,50,62,49861.0,0.26160567164539433
530.82,1623.7,20,42,15,55,34955.32,0.5665655282276125
5164.02,1877.27,11,71,33,66,86772.97,-1.143016909110384
5044.84,2247.08,16,98,35,71,70688.01,-0.1777885661392384
3504.62,2365.04,15,66,32,47,54422.13,0.8846285458641031
2475.59,2122.96,2,36,24,41,56122.42,1.4471917784491626
2984.28,840.68,6,46,43,54,63646.36,0.17807542195253911
2630.55,1863.69,26,56,30,74,50776.76,0.8893435830557664
5950.17,2139.44,16,70,46,45,85593.74,1.2813795277627955
4485.46,2330.85,15,27,39,66,75699.65,0.2090966635887749
5522.72,2765.65,9,67,48,63,68172.45,0.7571614580376226
4019.61,1736.99,19,55,37,58,71670.27,-0.4811087356186049
6517.18,1488.88,12,94,47,56,97677.07,-1.8449378560434275
3689.94,1374.29,19,35,39,45,74794.17,0.05219333053538793
4389.84,1634.66,14,49,26,70,88709.3,0.7576568255182188
3888.58,2145.99,20,47,26,72,72995.24,0.7367190412883842
2119.5,1835.87,22,37,16,84,59100.31,-1.4778936654130181
3094.16,1641.14,12,57,29,63,62822.87,1.4110855888323537
3676.57,2194.75,17,21,32,62,71234.31,-2.1702009065630903
1896.64,1317.71,14,49,32,73,47455.11,-1.210644113492248
3386.77,1546.0,18,62,47,59,52176.66,-0.8286253295175371
3334.27,1748.16,19,42,25,60,72884.93,-0.907559609373096
2916.06,1685.52,7,58,36,50,53764.98,0.1847660229259485
2958.55,1584.85,10,53,40,53,53182.36,-0.5053652421246106
3537.3,762.86,14,63,30,60,80719.36,0.2905222677130416
3743.81,1323.61,15,85,27,84,72784.53,1.6474540571745382
2110.84,1728.2,17,18,25,54,60225.26,0.648210374476797
5290.77,1942.86,11,66,48,49,75901.46,-1.0754442955310108
4287.32,2570.23,13,33,29,65,76082.19,-0.6876216784622625
3457.39,891.95,16,75,38,70,68196.53,-1.1320879152395131
2813.1,1278.03,16,38,46,67,54232.86,0.8285384366077038
5540.36,1738.61,8,50,38,45,96235.65,-1.4427039785842732
2453.65,919.45,7,70,31,71,58185.56,1.6106060925239412
3136.43,1295.57,12,58,27,76,70799.06,1.0012069367169218
2596.16,1952.29,9,42,29,56,53302.0,0.4837939926484985
2085.98,1850.83,18,55,26,63,46752.5,0.9516453231555568
5606.5,1335.52,17,72,60,64,80882.26,0.8355688086139045
3120.51,1675.84,18,52,31,68,63909.23,3.1043118727003742
1840.39,1570.61,10,82,34,49,31343.54,-0.6645684528771069
2424.43,1656.65,19,100,23,71,44444.37,0.8294944095470187
4073.02,2715.24,7,24,26,47,75399.69,-0.1391496123754217
2174.06,1398.45,13,14,30,57,60409.36,0.6486911147869961
6062.88,2222.27,23,58,27,39,105193.81,0.33358728113915004
2974.25,1600.76,6,57,29,53,60870.74,-1.1048702215309745
4799.13,2069.84,21,56,36,58,79476.02,0.0041881244530994274
2483.75,1596.4,12,57,25,72,57557.84,0.6886232558716764
3320.0,2008.08,11,46,33,63,61256.24,0.08723898556652476
3482.23,2628.93,11,46,32,54,58034.7,0.09994254002215423
5771.52,1631.25,10,93,37,63,93382.54,1.1767271619736666
3294.07,1747.72,8,56,24,42,68347.08,0.7715546503908631
3207.38,1494.12,15,38,43,65,60270.03,1.3796467093807645
3503.99,1944.48,15,33,40,57,62707.43,-0.3202169916618242
2933.03,1202.86,14,53,32,60,65260.45,-0.3185854491651541
1605.11,1343.66,12,55,32,43,40273.93,1.8026280975310656
3785.25,2286.14,5,61,29,51,62538.97,0.17233636136372862
3565.62,1401.83,13,47,27,46,77784.42,-1.7884041170424003
5569.13,935.85,13,50,40,68,106479.07,0.8921076767704692
3106.16,1846.36,8,43,28,61,64817.03,0.38124079033253744
2510.93,926.25,10,37,39,71,61555.37,-1.4353882856127056
3161.16,2673.06,6,51,22,48,57015.68,-0.6090481970873645
1586.19,478.61,12,33,24,43,63856.72,-0.27265730779734537
4258.33,1914.05,19,40,52,53,64641.6,-0.4454248947419178
3744.48,2328.37,11,42,28,50,69494.32,-0.3662815026247477
4156.07,1881.22,15,61,23,52,81796.44,-1.222259691689099
4097.53,715.09,25,63,35,69,88601.54,-0.29201629418216224
6234.77,2333.65,11,84,39,64,90368.02,0.97651033664967
1955.62,1657.46,15,38,27,59,49559.57,0.20535890294354853
3139.47,1138.08,19,42,36,56,70353.34,0.7902618686799818
2386.18,2000.64,9,64,33,53,40028.51,0.4410394715273393
3391.01,1265.66,15,62,32,76,69077.77,1.2829000777979347
4434.04,2246.66,9,65,30,65,72688.11,-1.626665726908625
4745.61,2263.48,18,46,50,73,66007.53,0.13466896487062632
5544.43,2714.43,13,74,33,30,81702.4,1.7499305154483655
2322.32,894.89,16,54,19,68,69606.36,-2.086231618647263
5567.35,2397.45,9,100,24,55,88032.56,0.02502820158504461
4088.83,2361.07,10,73,25,70,67868.12,-1.1356645795434293
2495.45,2304.43,23,1,31,66,55871.01,-0.8977365056764101
2533.7,403.65,15,41,40,59,66941.5,0.9145791750561044
2235.51,2347.59,16,39,18,68,51949.8,0.6295449626162247
2756.64,2187.55,17,55,21,76,55498.13,0.1085232663049148
3118.08,2192.07,19,40,30,56,58262.27,-0.3112406544013148
3580.15,2632.17,4,33,16,63,73048.27,1.303912614945114
5013.67,1867.83,3,46,37,65,89010.08,-0.12798817699783446
3359.46,1389.43,9,76,22,78,70991.75,-0.11386299998884435
3798.23,1625.99,9,51,40,59,66931.33,0.7153398800089993
2795.99,1286.75,18,40,51,48,49239.63,-0.4161205058830734
2500.92,2236.43,11,60,31,72,41513.88,1.1374210998151988
3469.88,1750.29,14,44,56,63,48447.4,0.7487333576055577
4384.86,1854.39,21,62,45,68,67129.24,0.4043509808507009
4511.37,2261.32,17,46,32,61,78188.16,0.030165636472907764
3972.94,1640.08,12,53,31,58,76965.14,0.8961687285713095
5867.17,2583.63,17,76,40,62,81899.98,0.1850084135726861
2984.84,1810.78,3,63,31,57,55118.37,-0.7559762304219251
1973.36,1988.35,13,59,27,67,40942.0,-1.5003797934138234
4234.9,1478.6,13,53,38,56,79392.72,1.3809287454063377
3396.12,1393.49,8,25,33,56,76678.02,1.2702264884002228
2889.42,1932.62,14,61,41,72,43027.68,-1.1701712320937452
3680.07,1252.32,15,30,52,66,66703.45,-0.8418160773274721
4534.98,2657.74,23,29,32,46,77806.87,-0.755417872797414
3127.42,1365.83,19,54,21,58,75433.93,0.5329106017666319
3863.19,1519.68,22,62,46,66,62649.17,-0.4368568831793839
4667.42,2033.35,6,43,32,69,83898.42,-0.4785824427493056
3957.66,1689.46,18,65,34,53,71042.64,-0.16988489564682535
2093.6,2239.03,7,33,18,59,53974.28,-1.313190527891729
4156.73,1471.86,9,55,26,37,86591.87,1.6175354092077212
3466.16,1390.72,14,69,40,52,62367.48,-1.4543480146942838
2579.04,866.22,10,79,29,72,61035.7,-1.9489162507211832
1164.23,1631.4,13,18,33,62,37752.81,-0.2706848186185892
4574.51,2671.25,4,60,41,70,63032.18,-0.5743069816422988
3724.37,1354.16,13,50,46,79,66840.06,-1.005990680916299
1257.95,1606.31,14,22,23,68,46855.52,-1.4014047461797865
2826.31,1200.84,10,43,43,42,57690.91,-0.7051832440607466
4942.53,1547.78,8,63,35,58,88285.77,-0.6090420976097406
3245.05,1782.61,9,18,15,58,83564.68,1.0687657956394423
5945.46,2136.4,11,77,57,83,75589.69,-1.4521061781244151
3168.31,1889.86,13,60,29,56,60269.31,-0.08152832305759182
2429.78,1243.72,10,52,38,50,50737.86,0.4391479132805858
3234.15,634.59,7,60,26,63,82379.47,0.4675785491612722
4940.25,2431.09,8,82,36,59,69397.54,-1.2947778306963935
4084.91,3141.18,17,54,44,53,46247.69,0.234811452040558
3934.95,2132.03,5,60,17,56,78019.11,0.13272061617652586
1631.57,1155.41,15,18,31,56,53407.14,0.1693297943570516
3492.61,1440.05,19,37,31,66,75680.31,-1.4373723364602773
3986.38,2017.2,12,91,32,54,60783.26,-0.07756267542453163
1196.27,1364.45,19,59,24,56,40399.13,-1.1736376268756548
1973.1,1952.52,0,42,29,56,44036.27,2.153209110623653
2075.93,1538.19,13,44,44,45,39658.59,0.953475107892964
4009.8,1743.32,18,58,14,70,87891.03,-0.2842614641114197
2372.27,2388.78,17,46,24,54,46953.55,0.1945550448688652
2611.3,1288.94,16,58,36,65,53642.22,-1.3999601251561733
3054.22,1888.86,17,44,26,76,65097.97,-1.6941574115063132
4352.54,1759.02,22,51,43,60,72168.27,0.37561438575042616
1892.95,2005.89,9,45,9,52,58459.92,-0.9679106426889084
3435.51,1789.41,10,74,30,67,62200.9,0.9721154276632324
1742.28,1580.91,13,41,24,83,50321.35,0.2859687584864073
4257.55,2535.18,17,38,33,49,72365.86,1.208580271990013
5384.3,1718.79,11,61,47,53,83327.36,-0.4697348442145135
4339.08,2689.61,3,79,28,80,64292.51,0.9557552811364698
3447.97,2131.37,5,66,35,60,54042.13,-0.4479911989326595
2326.49,2640.54,7,21,27,49,47732.68,1.4993152950925046
3444.55,2085.49,12,71,28,61,59797.59,0.5723340212323575
1780.5,921.67,14,65,24,67,53152.85,2.4296673548093453
3728.05,1975.57,7,64,40,60,59150.17,0.08992382597022851
3250.63,2485.05,14,48,36,56,50438.26,-0.5210060924295784
3419.15,1317.12,21,64,28,65,74019.38,-1.7165787644429362
4326.31,2160.71,21,59,52,73,57766.83,-2.39019151977994
3059.6,2398.54,26,52,40,34,43391.75,0.5345361871895427
3057.67,1843.02,22,49,44,51,49557.31,1.6152776226173244
3528.4,1987.05,10,90,52,47,37603.04,-1.0588024072444606
6058.81,2363.49,20,45,39,68,95262.24,0.9863791940150836
2001.39,1506.42,8,27,24,78,57876.82,-0.6738957268340937
