revenue,num_competitors,median_income,num_loyalty_members,population_density,location_age
42247.8,3.0,30527.57,1407.0,3302.0,12.0
38628.37,3.0,30185.49,1025.0,4422.0,11.0
39715.16,1.0,32182.24,1498.0,3260.0,12.0
35593.3,5.0,29728.65,2340.0,4325.0,10.0
35128.18,4.0,30691.17,847.0,3774.0,11.0
36310.72,2.0,31608.0,2187.0,1805.0,7.0
40192.34,3.0,27606.43,1852.0,5011.0,13.0
38655.51,3.0,24410.57,1240.0,3417.0,12.0
22773.04,3.0,23681.08,1414.0,3712.0,10.0
43493.59,4.0,34859.01,2924.0,4490.0,8.0
33410.76,6.0,29795.15,1350.0,3321.0,16.0
29013.7,3.0,29488.44,836.0,2653.0,12.0
23072.56,4.0,29850.21,901.0,2552.0,9.0
25745.24,4.0,29153.82,1566.0,2972.0,9.0
40774.27,3.0,32091.99,1673.0,3574.0,11.0
33497.54,2.0,29583.81,1668.0,3748.0,10.0
31824.68,4.0,27336.43,1693.0,3224.0,15.0
37615.92,3.0,32262.37,2059.0,2616.0,13.0
24471.04,3.0,32985.35,1887.0,1927.0,8.0
57946.29,3.0,35307.18,2010.0,2507.0,17.0
35574.49,4.0,35540.6,1156.0,2843.0,12.0
25451.94,4.0,26915.83,1467.0,3856.0,11.0
33483.81,2.0,29172.53,1604.0,2003.0,11.0
42194.96,3.0,27327.52,1811.0,3781.0,11.0
54866.6,3.0,33591.91,1904.0,3741.0,14.0
42761.34,3.0,31444.09,1697.0,3947.0,10.0
32274.64,4.0,30535.26,2381.0,3578.0,12.0
59909.1,3.0,30215.9,1532.0,3702.0,16.0
42946.68,4.0,31553.73,2036.0,4667.0,9.0
52196.35,3.0,36584.89,2125.0,2843.0,13.0
45892.31,4.0,35698.78,829.0,1993.0,12.0
43026.99,4.0,38553.64,1580.0,4248.0,10.0
47201.37,3.0,33505.75,1452.0,3965.0,13.0
50298.77,3.0,32477.61,1451.0,5184.0,12.0
41996.1,4.0,30250.51,1280.0,5188.0,10.0
33772.24,4.0,26707.43,1205.0,3654.0,13.0
25322.02,4.0,29933.23,1147.0,3689.0,7.0
40243.88,2.0,29924.15,1326.0,3152.0,11.0
38840.98,3.0,30295.42,1771.0,3173.0,13.0
42035.29,4.0,33233.14,1031.0,2997.0,12.0
24739.87,4.0,30283.7,754.0,1946.0,12.0
27791.59,3.0,32933.53,0.0,4030.0,7.0
23197.28,4.0,30446.4,1981.0,1872.0,11.0
22763.7,3.0,24655.53,1855.0,5893.0,7.0
32520.6,3.0,34250.31,1098.0,2974.0,8.0
48370.64,3.0,27914.22,1796.0,3899.0,11.0
27856.08,4.0,28445.21,1623.0,1018.0,13.0
35582.36,3.0,28822.46,1609.0,2357.0,13.0
33629.74,2.0,30117.65,1534.0,3431.0,12.0
42146.15,4.0,30678.69,1853.0,3493.0,15.0
45259.21,4.0,30319.53,1490.0,4203.0,9.0
54522.25,3.0,36166.95,2011.0,4581.0,11.0
33880.35,2.0,28289.79,1535.0,4424.0,9.0
45725.75,4.0,33831.28,1700.0,4395.0,8.0
34802.11,5.0,34063.49,1000.0,2776.0,11.0
39676.18,2.0,27101.46,2294.0,2876.0,10.0
31299.75,2.0,26393.34,1552.0,4607.0,10.0
45720.5,3.0,29574.46,1939.0,2362.0,14.0
45079.28,3.0,34685.39,1912.0,3331.0,14.0
17492.63,4.0,23285.26,1786.0,2921.0,8.0
35444.97,4.0,29843.62,1788.0,2389.0,10.0
42175.58,3.0,32174.55,1102.0,3159.0,15.0
34405.59,4.0,32838.0,1791.0,3778.0,8.0
30631.22,4.0,33862.24,1287.0,3595.0,9.0
29570.17,4.0,22299.89,1457.0,4086.0,16.0
45914.96,5.0,38230.57,1719.0,2447.0,12.0
43150.56,4.0,32079.26,709.0,6464.0,11.0
37513.78,3.0,29585.68,1189.0,3304.0,13.0
57120.54,4.0,35297.58,1258.0,4053.0,14.0
37407.58,4.0,28173.88,1357.0,3683.0,12.0
28212.75,4.0,32294.62,742.0,3997.0,6.0
39738.22,3.0,29483.12,2086.0,2746.0,11.0
50945.71,3.0,34470.94,384.0,5510.0,9.0
46012.68,4.0,35080.67,1273.0,3914.0,11.0
31544.18,3.0,30520.15,1591.0,4403.0,7.0
51802.34,1.0,35232.32,2072.0,2483.0,13.0
39161.4,5.0,34602.81,1935.0,3351.0,12.0
50268.85,3.0,34973.29,1396.0,4820.0,12.0
37702.18,4.0,30276.55,1185.0,2545.0,11.0
30476.48,3.0,31627.47,1793.0,4166.0,8.0
39809.09,3.0,27178.18,1573.0,1433.0,16.0
24912.56,4.0,28532.05,2112.0,2380.0,10.0
40483.07,4.0,32683.53,1376.0,4442.0,11.0
36346.82,3.0,29287.81,1395.0,2670.0,9.0
41079.82,2.0,27158.59,1681.0,2452.0,15.0
33690.12,3.0,27631.69,2578.0,3337.0,11.0
32560.58,4.0,34135.53,2649.0,1613.0,12.0
18110.74,2.0,32574.45,1937.0,1807.0,7.0
45304.25,5.0,32895.79,2475.0,3255.0,13.0
43160.98,4.0,30921.79,1245.0,3198.0,15.0
48649.28,4.0,34425.65,1685.0,4839.0,10.0
35588.62,1.0,29402.67,967.0,4009.0,12.0
27252.85,3.0,26030.16,2064.0,2259.0,12.0
41232.72,3.0,34891.03,2010.0,2981.0,11.0
34431.16,3.0,26783.07,1317.0,3215.0,14.0
47846.13,3.0,35293.34,1345.0,3952.0,10.0
57482.58,3.0,32819.5,2014.0,2538.0,16.0
45491.3,4.0,30876.55,903.0,3213.0,13.0
46243.71,3.0,28656.5,1842.0,4282.0,11.0
25749.67,4.0,28143.22,2123.0,3369.0,6.0
50585.76,3.0,29775.91,1280.0,3019.0,14.0
32982.53,2.0,28486.96,2852.0,3692.0,10.0
60831.03,3.0,39972.55,1387.0,2928.0,14.0
48341.63,4.0,32871.29,1267.0,3880.0,13.0
38574.12,3.0,27786.63,2008.0,2851.0,11.0
25500.34,3.0,26879.69,354.0,2988.0,10.0
42709.11,3.0,30522.9,2752.0,3839.0,15.0
49886.71,3.0,32674.0,912.0,4106.0,16.0
32433.77,3.0,30104.26,2059.0,1592.0,12.0
33832.02,3.0,30083.47,1685.0,3937.0,9.0
38193.35,2.0,32416.15,832.0,5265.0,8.0
26421.26,4.0,28974.18,1692.0,3120.0,10.0
24043.89,5.0,29950.73,1159.0,868.0,9.0
41385.84,2.0,36151.67,1875.0,2075.0,11.0
17464.9,3.0,25907.44,1363.0,2692.0,7.0
19019.47,3.0,29598.75,1641.0,2075.0,5.0
24551.16,2.0,26665.7,1473.0,1953.0,8.0
44046.74,3.0,38856.6,1234.0,3654.0,6.0
61361.42,2.0,38011.16,1757.0,2685.0,17.0
63154.48,2.0,38308.43,2106.0,3545.0,14.0
36644.23,2.0,35611.11,1122.0,1142.0,13.0
47520.1,3.0,29236.25,1362.0,4322.0,12.0
36617.3,4.0,34303.1,1882.0,4203.0,7.0
49781.7,4.0,31962.63,1884.0,3965.0,16.0
41423.28,3.0,31671.1,1228.0,1401.0,16.0
50155.2,4.0,34053.88,2041.0,3762.0,10.0
9121.99,7.0,31445.21,1261.0,0.0,13.0
57175.23,3.0,38369.25,2379.0,3646.0,9.0
48774.4,2.0,24868.99,1804.0,4914.0,13.0
46763.4,2.0,34606.98,2219.0,1728.0,13.0
30087.68,3.0,31368.27,2604.0,2457.0,12.0
44080.31,3.0,30376.61,1036.0,3373.0,13.0
34352.83,4.0,28266.62,545.0,2667.0,14.0
51281.73,2.0,41336.55,1685.0,4027.0,7.0
47248.08,1.0,31922.69,603.0,2777.0,14.0
34815.04,4.0,34407.88,1818.0,2638.0,10.0
58934.4,3.0,29719.66,2696.0,3248.0,16.0
43585.45,4.0,33683.86,907.0,4321.0,14.0
34421.56,4.0,28715.94,1807.0,3638.0,12.0
38268.87,3.0,29483.08,1792.0,4521.0,11.0
42190.23,3.0,32275.49,1031.0,3876.0,13.0
33598.94,4.0,34311.51,1595.0,2687.0,9.0
58792.99,2.0,40647.84,2544.0,1805.0,14.0
53207.1,3.0,31671.65,1757.0,4225.0,10.0
37843.97,4.0,31646.14,2185.0,2826.0,12.0
47825.43,3.0,29648.0,1663.0,4713.0,11.0
34085.51,3.0,31693.48,1926.0,3190.0,9.0
39637.38,3.0,30274.83,1647.0,1867.0,15.0
31622.93,4.0,28398.05,2303.0,2733.0,16.0
44452.3,4.0,34625.08,1149.0,4052.0,10.0
46209.51,3.0,36146.52,859.0,3334.0,10.0
29836.81,3.0,25829.6,1833.0,4465.0,10.0
42819.49,3.0,29936.93,1629.0,2386.0,14.0
28167.32,4.0,29227.59,1549.0,3923.0,12.0
18959.71,5.0,24329.54,1627.0,4044.0,10.0
29422.28,3.0,30738.71,1607.0,3560.0,8.0
34238.86,4.0,25502.17,2294.0,2276.0,13.0
46090.1,5.0,35498.18,1881.0,3234.0,12.0
30767.96,3.0,32218.18,1980.0,2229.0,8.0
19162.18,4.0,24629.66,1277.0,2999.0,11.0
5000.0,3.0,25977.57,2416.0,3239.0,0.0
21291.17,5.0,29888.86,1974.0,1891.0,9.0
34734.11,4.0,21428.2,2364.0,3503.0,17.0
42788.25,4.0,35116.29,1022.0,3721.0,12.0
36485.31,4.0,30612.82,1377.0,2094.0,15.0
29993.43,4.0,29617.13,2457.0,3260.0,6.0
43501.86,5.0,32182.15,1809.0,2931.0,14.0
50905.39,3.0,30351.8,2164.0,4568.0,14.0
33910.98,3.0,30673.04,1593.0,3290.0,10.0
22364.68,3.0,29582.01,1718.0,2525.0,7.0
41318.22,3.0,33004.7,1242.0,4385.0,8.0
30734.23,1.0,28818.15,2248.0,5171.0,5.0
63488.6,3.0,43676.9,1470.0,3803.0,10.0
53453.47,2.0,38458.81,999.0,3864.0,12.0
47466.23,4.0,27789.11,1519.0,5792.0,12.0
31801.55,4.0,32409.88,1217.0,1255.0,13.0
33431.9,3.0,26452.9,1514.0,4188.0,7.0
38572.62,4.0,32512.62,1540.0,3168.0,10.0
31909.74,5.0,25150.68,1193.0,3880.0,12.0
28381.49,3.0,27945.46,1169.0,2752.0,10.0
40602.55,4.0,33055.07,1753.0,4397.0,9.0
34144.68,4.0,32399.11,1482.0,3486.0,8.0
43200.85,3.0,31344.58,1904.0,3132.0,14.0
49322.12,4.0,35060.58,1059.0,4499.0,12.0
12356.14,4.0,24930.05,1781.0,2460.0,8.0
43795.92,5.0,33768.59,2070.0,4476.0,10.0
37942.2,2.0,33091.33,1258.0,4065.0,11.0
27875.45,4.0,26722.02,1735.0,2931.0,10.0
42154.95,2.0,25385.14,1897.0,3549.0,14.0
34890.39,2.0,29190.81,1713.0,3517.0,9.0
39342.86,5.0,35554.1,1836.0,3090.0,9.0
54753.73,2.0,34382.56,2335.0,2527.0,15.0
25691.81,3.0,27605.15,2148.0,2769.0,9.0
42434.11,3.0,28621.15,1415.0,2656.0,14.0
29872.02,4.0,30686.71,2151.0,2857.0,6.0
45666.56,2.0,28544.2,2702.0,4073.0,12.0
21040.08,4.0,29071.4,1486.0,2982.0,7.0
26162.8,4.0,30546.94,1238.0,3042.0,8.0
52916.07,3.0,32549.24,1635.0,5328.0,12.0
73377.15,4.0,38752.54,2458.0,3928.0,20.0
47333.58,3.0,29703.57,319.0,4745.0,14.0
24525.42,4.0,25403.8,2859.0,2619.0,9.0
50719.15,3.0,28559.99,2509.0,4100.0,15.0
57586.89,5.0,36478.25,2381.0,4574.0,16.0
35391.85,5.0,36637.72,1271.0,2968.0,12.0
41233.78,4.0,31821.2,1720.0,4230.0,13.0
53965.79,1.0,31789.13,998.0,4150.0,14.0
46394.87,2.0,34892.02,1503.0,4621.0,9.0
25325.78,3.0,30833.94,1932.0,4570.0,3.0
60646.45,2.0,32633.77,1831.0,5605.0,15.0
77546.6,4.0,40392.43,1527.0,5144.0,15.0
61443.7,3.0,36748.08,1570.0,5399.0,15.0
41848.52,4.0,30703.4,1592.0,4641.0,10.0
35882.32,4.0,31007.96,1255.0,3995.0,12.0
45644.43,3.0,29922.67,2583.0,4061.0,10.0
29542.01,2.0,29029.79,1989.0,4094.0,5.0
28507.52,3.0,28666.76,1318.0,2297.0,8.0
50091.4,1.0,32832.47,1208.0,5682.0,7.0
36451.59,4.0,33996.01,1505.0,3478.0,9.0
14227.06,5.0,20000.0,1650.0,3634.0,10.0
46565.81,3.0,34961.33,1296.0,2814.0,11.0
27637.04,3.0,27412.57,2392.0,2425.0,11.0
44539.87,3.0,29335.1,1174.0,3898.0,13.0
28435.23,4.0,29702.11,606.0,2463.0,12.0
50462.07,4.0,33823.64,1661.0,3370.0,10.0
28577.84,6.0,37452.64,2237.0,1818.0,8.0
31357.78,5.0,28733.83,1116.0,4428.0,9.0
54134.8,5.0,35573.26,1888.0,3835.0,15.0
30214.12,4.0,31164.57,1704.0,1948.0,9.0
46700.35,4.0,37257.3,1253.0,3279.0,7.0
32627.5,4.0,28945.12,965.0,2950.0,9.0
61484.08,2.0,39126.47,1311.0,4550.0,11.0
34976.86,5.0,30853.88,1277.0,4743.0,7.0
60993.85,3.0,34942.7,2331.0,4398.0,14.0
25912.92,4.0,28131.97,1917.0,3734.0,6.0
46536.66,4.0,29582.55,1292.0,5516.0,14.0
60967.47,4.0,39615.73,2225.0,2422.0,14.0
49033.78,4.0,31658.76,1331.0,3045.0,15.0
37069.81,4.0,31571.94,2483.0,643.0,12.0
41626.79,4.0,34630.63,1187.0,3793.0,8.0
37717.6,2.0,33687.06,1694.0,2933.0,8.0
50357.87,3.0,32383.78,2387.0,3120.0,12.0
6874.43,2.0,23435.82,821.0,3537.0,3.0
26576.85,5.0,27978.46,1418.0,2760.0,10.0
49113.04,6.0,32560.78,2050.0,4674.0,12.0
31817.16,5.0,27033.09,1186.0,4874.0,12.0
40352.76,2.0,35326.94,1877.0,4610.0,6.0
25365.65,3.0,29572.28,1288.0,3161.0,10.0
39553.46,4.0,31869.51,1821.0,4588.0,7.0
34084.96,4.0,29423.47,2219.0,3654.0,11.0
19451.79,5.0,29031.22,1591.0,2216.0,11.0
20300.99,2.0,28745.0,1702.0,2400.0,4.0
14850.56,4.0,24512.13,1330.0,1204.0,10.0
21081.72,2.0,22923.99,1259.0,4332.0,9.0
36028.46,2.0,27411.99,1891.0,4000.0,10.0
38075.18,2.0,29641.85,1200.0,5398.0,7.0
38159.11,6.0,28666.49,322.0,4479.0,13.0
32028.99,3.0,32477.87,1876.0,4027.0,3.0
21067.02,5.0,30029.56,1207.0,1619.0,11.0
31465.65,3.0,36589.83,948.0,3140.0,6.0
37635.98,5.0,33081.77,1249.0,3906.0,8.0
57533.77,2.0,34496.66,1432.0,3339.0,14.0
26520.81,3.0,27174.23,3047.0,1723.0,10.0
33673.16,4.0,30723.86,1650.0,3076.0,14.0
54365.97,1.0,32273.16,1885.0,3640.0,13.0
42139.74,3.0,34297.7,1668.0,2282.0,14.0
34007.09,5.0,29983.8,858.0,3071.0,12.0
30542.97,4.0,29256.1,1382.0,4444.0,9.0
61157.64,3.0,39894.73,1521.0,4091.0,15.0
33582.15,2.0,32933.45,1575.0,3540.0,7.0
24914.88,5.0,29497.79,2109.0,3276.0,9.0
40484.91,3.0,29663.75,2534.0,5111.0,13.0
45808.03,2.0,30830.47,1863.0,2187.0,16.0
27869.96,2.0,28747.63,1145.0,3707.0,9.0
49208.16,4.0,42048.38,790.0,1958.0,12.0
38006.08,4.0,30381.85,1716.0,2727.0,11.0
50755.75,2.0,31598.16,1670.0,4968.0,12.0
32081.81,4.0,32303.53,808.0,1719.0,9.0
18617.76,3.0,26296.1,1937.0,2690.0,9.0
52408.96,3.0,30039.16,2019.0,4436.0,10.0
42745.11,3.0,36123.26,1851.0,4554.0,9.0
43886.97,3.0,30730.27,2001.0,3668.0,10.0
30184.74,3.0,27034.02,1689.0,3815.0,9.0
37562.01,4.0,25343.91,1670.0,5627.0,10.0
49439.77,3.0,29948.73,1913.0,4822.0,16.0
47352.4,3.0,32215.9,1834.0,5346.0,9.0
25067.79,4.0,28157.24,1453.0,1823.0,10.0
12252.77,3.0,23179.49,1937.0,1750.0,7.0
31262.79,4.0,35258.95,1589.0,1791.0,8.0
29531.04,4.0,30471.18,918.0,3052.0,11.0
43128.95,2.0,27231.59,2460.0,3853.0,12.0
48363.43,4.0,38581.39,2349.0,2038.0,11.0
39943.52,4.0,35826.12,999.0,2170.0,10.0
47785.41,3.0,30090.96,1509.0,3764.0,12.0
37292.82,5.0,39880.01,1513.0,2918.0,6.0
49741.26,2.0,37600.65,1622.0,4117.0,9.0
30709.87,4.0,31049.7,699.0,5073.0,4.0
25517.92,4.0,34138.75,2052.0,1529.0,9.0
40034.07,2.0,30625.76,2104.0,3152.0,11.0
59561.68,3.0,37476.17,2160.0,3734.0,12.0
44359.5,5.0,33490.77,1986.0,4329.0,8.0
48697.84,3.0,38689.82,1894.0,1655.0,13.0
49101.47,4.0,33928.22,2386.0,5190.0,11.0
57485.34,3.0,32462.02,1208.0,4248.0,15.0
63024.21,2.0,38959.46,1954.0,3529.0,14.0
45297.33,3.0,31916.34,2180.0,2274.0,16.0
50388.64,4.0,30989.47,2073.0,5572.0,10.0
33264.83,3.0,29542.32,1119.0,2800.0,14.0
25643.62,5.0,27213.44,1665.0,4033.0,11.0
33690.49,2.0,32733.85,1460.0,3257.0,9.0
41038.77,3.0,34750.93,1804.0,3021.0,10.0
29292.93,2.0,31127.82,1093.0,3597.0,10.0
52057.54,2.0,35258.21,1735.0,3452.0,12.0
34102.6,5.0,35225.88,1869.0,4616.0,7.0
37773.69,4.0,30151.08,1702.0,2817.0,12.0
22999.75,4.0,23159.21,2620.0,4121.0,12.0
31859.55,3.0,31592.32,1799.0,4947.0,6.0
39133.33,4.0,31216.94,1657.0,4361.0,8.0
21825.76,4.0,36114.01,1874.0,1808.0,10.0
20234.52,5.0,28548.15,1650.0,2249.0,11.0
39488.31,3.0,28655.41,1246.0,4139.0,9.0
38852.52,3.0,31587.56,1881.0,4266.0,4.0
47444.54,4.0,30413.92,1622.0,4194.0,14.0
25519.52,3.0,31558.11,1202.0,4566.0,7.0
36033.51,5.0,30612.27,1536.0,2349.0,11.0
43872.08,4.0,32935.08,1814.0,2995.0,16.0
28817.49,6.0,31104.52,964.0,3506.0,11.0
39436.39,2.0,32732.65,1639.0,2652.0,9.0
56622.0,2.0,33508.27,1210.0,3376.0,16.0
36803.21,2.0,30498.42,2246.0,4102.0,10.0
28006.95,5.0,26230.22,600.0,3503.0,11.0
33174.25,4.0,29054.98,2142.0,3212.0,11.0
37920.28,4.0,24193.02,1275.0,4430.0,14.0
32606.44,4.0,36068.86,1866.0,2962.0,7.0
37788.81,3.0,30720.72,1311.0,3396.0,11.0
39653.67,3.0,29982.31,1988.0,4973.0,10.0
25615.24,3.0,30386.29,217.0,1284.0,11.0
56697.84,3.0,36644.85,1706.0,2238.0,14.0
24124.83,4.0,28532.85,1779.0,4049.0,8.0
27925.02,3.0,33333.32,1173.0,2587.0,6.0
74564.29,3.0,40208.47,2202.0,3323.0,20.0
43330.79,4.0,32673.0,851.0,3754.0,13.0
36985.24,3.0,35234.25,923.0,3307.0,14.0
55132.93,4.0,38123.31,2039.0,3777.0,13.0
42400.99,4.0,35690.43,2042.0,3402.0,13.0
42181.81,3.0,34923.59,1412.0,4905.0,11.0
23607.01,3.0,33596.12,1883.0,3129.0,3.0
35817.24,5.0,33519.03,1633.0,3548.0,10.0
38165.42,6.0,31631.1,1483.0,3957.0,13.0
50974.45,3.0,37925.58,2181.0,2083.0,11.0
22284.54,5.0,26695.78,1708.0,2783.0,12.0
47233.72,6.0,32764.5,1551.0,4216.0,9.0
35920.67,4.0,37946.69,574.0,3337.0,9.0
54190.67,4.0,42135.38,1405.0,4167.0,7.0
44600.12,3.0,33782.89,748.0,3068.0,15.0
49586.48,4.0,38048.23,1916.0,5093.0,8.0
39092.52,3.0,38918.55,930.0,3715.0,6.0
25045.8,2.0,27734.56,1476.0,3141.0,9.0
52801.92,4.0,35496.52,2380.0,4861.0,11.0
21981.72,5.0,33234.52,1120.0,1024.0,9.0
50764.24,4.0,38447.57,1433.0,3254.0,10.0
58782.94,2.0,31775.41,1823.0,5963.0,9.0
39619.28,5.0,26312.4,1161.0,3820.0,14.0
48689.58,4.0,29474.67,1801.0,3107.0,14.0
28518.4,3.0,22631.33,1022.0,3744.0,13.0
50991.75,4.0,35261.47,2106.0,4017.0,12.0
49314.11,3.0,34557.92,2196.0,2015.0,15.0
55229.72,4.0,38358.52,1160.0,4296.0,10.0
31209.17,4.0,33372.26,885.0,3832.0,11.0
65578.24,3.0,33206.77,2271.0,3539.0,13.0
42259.4,4.0,33730.3,2202.0,5840.0,8.0
30409.71,2.0,33537.61,2221.0,2408.0,4.0
54174.34,2.0,28558.21,2310.0,3626.0,13.0
49263.31,3.0,34731.54,1729.0,3982.0,11.0
24832.47,4.0,29264.16,1795.0,2531.0,10.0
35969.19,4.0,22121.85,1835.0,4130.0,12.0
44480.0,2.0,36324.64,1259.0,1552.0,10.0
49784.7,3.0,30470.69,1292.0,3652.0,16.0
61592.9,2.0,35920.02,2319.0,3465.0,8.0
40512.13,5.0,27107.68,1009.0,5087.0,11.0
24297.69,3.0,28536.72,952.0,3387.0,10.0
34627.42,4.0,30110.89,1308.0,2196.0,13.0
45615.94,3.0,33407.27,944.0,3780.0,14.0
35099.29,3.0,34721.85,1490.0,3118.0,10.0
16443.85,4.0,23728.34,1847.0,1633.0,13.0
55696.87,2.0,37734.98,2200.0,2449.0,15.0
34897.7,4.0,32698.72,878.0,2088.0,12.0
36974.13,1.0,32691.66,1518.0,2571.0,9.0
43364.44,5.0,31934.06,1336.0,3307.0,17.0
29030.29,5.0,35676.49,548.0,4001.0,7.0
41427.48,3.0,28762.39,1987.0,3153.0,10.0
38377.32,4.0,29298.93,2659.0,4177.0,9.0
35243.11,3.0,24814.29,1556.0,3458.0,16.0
79342.07,3.0,40720.12,1150.0,3849.0,18.0
22980.15,5.0,24106.2,1103.0,3703.0,14.0
45806.28,3.0,32372.3,2482.0,2348.0,11.0
13312.97,3.0,29324.41,626.0,2511.0,7.0
54150.0,4.0,29494.04,2002.0,4200.0,11.0
39749.84,4.0,30543.5,2192.0,3878.0,11.0
52726.4,4.0,31891.49,2628.0,5418.0,11.0
28752.04,3.0,30937.08,1441.0,3418.0,9.0
46033.02,4.0,30301.9,1840.0,4807.0,12.0
53212.11,4.0,29458.17,1957.0,3586.0,16.0
71757.5,2.0,37859.47,1051.0,4573.0,17.0
52170.35,2.0,35111.6,1758.0,3235.0,12.0
25921.12,4.0,29088.14,2095.0,2088.0,5.0
43452.96,4.0,36146.31,1910.0,3523.0,10.0
49517.17,3.0,25625.27,1613.0,4344.0,13.0
10001.8,4.0,23398.15,1411.0,4041.0,6.0
27602.79,4.0,28099.42,1372.0,3898.0,12.0
41940.41,2.0,33759.41,1675.0,2997.0,12.0
40417.91,3.0,25979.59,1121.0,3694.0,14.0
29427.53,4.0,29076.84,1663.0,3267.0,12.0
59823.3,3.0,39253.79,2055.0,2629.0,18.0
32610.97,4.0,33972.41,228.0,2233.0,15.0
52461.44,3.0,33717.75,1592.0,2244.0,15.0
26189.18,3.0,28526.37,1708.0,2214.0,7.0
42175.98,3.0,26753.22,1612.0,4196.0,12.0
28218.24,4.0,25434.45,1325.0,3578.0,11.0
19183.01,3.0,25638.83,1925.0,1822.0,14.0
55767.01,3.0,36303.58,2277.0,3394.0,10.0
32005.52,4.0,33902.3,1673.0,3694.0,6.0
44311.86,2.0,30325.69,1349.0,3841.0,12.0
30035.07,3.0,26979.89,1424.0,3261.0,11.0
60415.35,2.0,37240.8,1697.0,4082.0,14.0
36379.17,3.0,28579.48,1238.0,4435.0,11.0
26585.8,4.0,28142.98,1141.0,3555.0,10.0
26729.2,4.0,28631.54,1765.0,3919.0,7.0
54132.81,5.0,38697.52,1609.0,2392.0,14.0
55523.85,2.0,36021.31,1921.0,3549.0,14.0
34141.54,4.0,29235.45,1027.0,3198.0,14.0
45694.16,5.0,34675.88,1441.0,3990.0,9.0
22925.47,4.0,25825.52,1303.0,4232.0,13.0
20997.59,3.0,23456.67,1772.0,3303.0,10.0
39072.46,2.0,29817.73,1145.0,2542.0,12.0
44646.19,3.0,30194.21,1236.0,4963.0,13.0
26738.7,2.0,28984.94,1538.0,2462.0,9.0
40753.19,3.0,27680.64,1694.0,4291.0,15.0
38626.58,5.0,27185.01,1270.0,4011.0,12.0
24543.12,2.0,26305.95,663.0,3879.0,9.0
23895.2,4.0,34954.37,2017.0,2012.0,7.0
43000.19,4.0,28562.12,1565.0,2820.0,16.0
20331.37,5.0,32413.92,886.0,3145.0,11.0
45467.61,3.0,31614.69,1667.0,3219.0,11.0
29287.7,4.0,33424.76,1204.0,1671.0,8.0
54058.99,2.0,35934.42,1387.0,3702.0,11.0
47998.39,4.0,28802.66,1900.0,2914.0,17.0
28858.32,4.0,31757.17,1596.0,3183.0,9.0
49418.79,4.0,27413.44,1885.0,6489.0,11.0
37920.19,2.0,34399.4,934.0,1892.0,10.0
23568.94,4.0,26978.03,1004.0,3514.0,11.0
26857.28,4.0,24844.29,1212.0,3777.0,7.0
51817.62,2.0,36158.71,1244.0,3561.0,10.0
23319.33,4.0,26544.94,1647.0,2882.0,5.0
42856.94,4.0,34173.75,1441.0,4170.0,7.0
27880.27,3.0,22655.21,2072.0,5195.0,10.0
42878.43,4.0,30181.7,714.0,3131.0,17.0
29118.85,4.0,30975.73,1482.0,2150.0,12.0
25812.36,4.0,23092.01,1032.0,3771.0,11.0
40252.7,3.0,30856.12,1476.0,2397.0,9.0
46492.97,4.0,31430.74,2009.0,4913.0,14.0
35916.74,2.0,29993.55,2035.0,2899.0,10.0
36914.96,3.0,34653.35,830.0,3012.0,12.0
55198.73,3.0,36376.96,1239.0,4582.0,13.0
43373.06,2.0,29862.86,1440.0,2239.0,15.0
63328.05,2.0,29326.3,1694.0,5020.0,18.0
40854.13,5.0,31136.46,1687.0,3717.0,13.0
52366.71,3.0,33646.84,2475.0,3311.0,15.0
34572.85,4.0,29284.29,1507.0,3340.0,11.0
44033.71,3.0,36072.41,1163.0,2990.0,12.0
28903.01,3.0,31440.36,1589.0,3067.0,5.0
35154.61,4.0,24213.46,1699.0,4854.0,11.0
53594.11,4.0,37897.33,1624.0,2579.0,12.0
70094.92,3.0,31274.38,646.0,3888.0,24.0
59542.35,5.0,32594.21,1374.0,3589.0,19.0
30762.85,4.0,26306.16,866.0,4266.0,13.0
34115.27,3.0,27622.57,866.0,3062.0,12.0
27652.56,3.0,26028.07,1465.0,2588.0,13.0
36679.4,4.0,29084.54,2124.0,2968.0,15.0
20325.96,2.0,26226.05,1691.0,3886.0,5.0
50034.35,2.0,31247.44,1673.0,3891.0,11.0
38546.69,3.0,35660.89,1955.0,2138.0,13.0
41757.9,3.0,33513.29,1044.0,3872.0,11.0
63588.23,2.0,35040.17,1826.0,2501.0,14.0
41812.84,6.0,38273.27,1088.0,3226.0,10.0
30327.08,4.0,29357.82,2176.0,3583.0,8.0
33096.88,3.0,29276.77,2097.0,3216.0,8.0
29913.38,3.0,22366.24,1638.0,3051.0,15.0
59142.15,4.0,38065.69,1660.0,2458.0,13.0
41200.79,4.0,32592.97,1769.0,2521.0,14.0
29677.54,4.0,29564.11,1380.0,2042.0,10.0
31638.34,5.0,27836.98,1955.0,3963.0,13.0
35691.18,6.0,32730.5,1583.0,2588.0,11.0
45379.58,4.0,28848.72,2109.0,3398.0,13.0
29193.63,4.0,23368.39,1515.0,2729.0,18.0
55866.49,4.0,34982.23,1963.0,3514.0,13.0
37796.69,4.0,30467.37,1897.0,3070.0,11.0
36938.32,3.0,30920.84,2109.0,2042.0,12.0
28820.97,1.0,35994.44,1217.0,2075.0,9.0
42933.8,2.0,32882.15,1467.0,2776.0,8.0
38432.78,4.0,24876.55,1777.0,4862.0,13.0
41908.39,3.0,32414.87,1578.0,3517.0,10.0
38454.36,1.0,31103.44,571.0,2873.0,11.0
44137.75,4.0,31764.41,2034.0,2843.0,12.0
33632.69,1.0,28655.74,2000.0,2263.0,8.0
36601.17,1.0,29502.18,2246.0,4153.0,8.0
45826.52,3.0,34179.91,1884.0,2974.0,11.0
37487.67,5.0,31512.53,2079.0,3669.0,14.0
38863.73,5.0,28561.14,1990.0,3035.0,14.0
35052.49,3.0,30989.46,699.0,4180.0,11.0
42747.87,3.0,35602.35,1392.0,3863.0,12.0
49957.12,3.0,35237.37,569.0,4764.0,13.0
46911.29,4.0,28310.11,1849.0,1730.0,14.0
23272.69,4.0,30992.82,1851.0,2524.0,6.0
44422.7,4.0,35656.04,1209.0,2370.0,14.0
39395.97,3.0,36302.18,1973.0,4171.0,9.0
38902.83,2.0,29010.45,1819.0,3997.0,13.0
51012.2,5.0,35067.12,1869.0,4233.0,12.0
55947.91,3.0,37406.54,1357.0,2570.0,15.0
52240.91,2.0,28302.21,1354.0,5096.0,11.0
25949.38,3.0,30803.4,2896.0,4397.0,6.0
13614.72,3.0,28707.61,2012.0,2076.0,6.0
34834.28,3.0,26672.97,2378.0,3586.0,9.0
53317.69,3.0,41047.01,1699.0,3139.0,11.0
51394.2,3.0,33298.76,1260.0,4191.0,10.0
43568.38,3.0,32106.15,1444.0,4017.0,12.0
17884.83,6.0,29470.45,1025.0,4553.0,5.0
56721.03,2.0,35259.72,2253.0,3530.0,13.0
36899.47,4.0,28820.41,2258.0,3030.0,11.0
25595.6,3.0,28324.54,1627.0,3365.0,10.0
17700.8,5.0,25215.37,849.0,3647.0,12.0
34288.71,5.0,25557.9,1738.0,3775.0,13.0
20454.09,4.0,28921.44,1463.0,1951.0,9.0
23067.02,5.0,31349.49,826.0,2243.0,9.0
25112.42,3.0,28096.53,1506.0,3020.0,9.0
28819.37,4.0,31776.73,1322.0,2802.0,7.0
23068.01,3.0,30349.56,2107.0,3517.0,4.0
36653.66,3.0,34989.52,1280.0,3781.0,8.0
21316.33,5.0,30016.09,592.0,2109.0,7.0
41518.59,4.0,33582.99,2223.0,4313.0,6.0
42768.9,4.0,29578.96,1605.0,4505.0,13.0
51036.6,4.0,34517.96,2312.0,3828.0,12.0
34271.29,5.0,33356.14,1416.0,3868.0,8.0
22458.65,2.0,28214.49,1510.0,4024.0,6.0
50831.75,4.0,38114.12,1266.0,2806.0,13.0
28732.49,4.0,31247.04,1143.0,4330.0,9.0
49554.27,2.0,33734.39,1738.0,2699.0,12.0
20508.31,4.0,22734.76,1213.0,4123.0,13.0
42131.06,4.0,28037.58,2811.0,4180.0,13.0
41524.22,4.0,33499.48,2465.0,3668.0,14.0
20746.15,4.0,26623.48,1497.0,3075.0,9.0
42388.67,3.0,29662.5,1760.0,4485.0,12.0
26967.87,2.0,24922.69,1175.0,2937.0,13.0
41919.35,4.0,40247.53,1236.0,2487.0,10.0
28534.98,2.0,29941.35,1428.0,2599.0,9.0
37234.97,2.0,31347.15,1458.0,2183.0,9.0
37830.66,3.0,27206.87,2333.0,4527.0,10.0
43829.56,3.0,28661.69,1302.0,2828.0,15.0
24196.68,3.0,27107.14,797.0,1602.0,10.0
29277.32,4.0,26689.02,1419.0,2512.0,13.0
34374.52,4.0,22418.27,1257.0,3817.0,15.0
47436.33,4.0,38572.62,1936.0,3397.0,10.0
57297.31,4.0,32373.31,1446.0,4447.0,17.0
31573.72,3.0,31034.49,1184.0,4156.0,6.0
47704.56,3.0,35629.97,1183.0,2603.0,13.0
35958.77,4.0,32351.67,2254.0,3859.0,9.0
59271.59,2.0,37439.74,1770.0,3719.0,14.0
30858.42,3.0,31534.21,1349.0,2181.0,10.0
42231.68,4.0,31937.1,2165.0,1992.0,14.0
44281.06,4.0,27781.28,1844.0,4493.0,15.0
50404.82,2.0,33436.41,1238.0,4997.0,8.0
56895.72,2.0,36357.79,1865.0,3283.0,13.0
26236.39,3.0,25664.51,1965.0,2170.0,11.0
32931.66,3.0,37103.77,1646.0,1521.0,10.0
30223.6,3.0,31045.49,1110.0,1182.0,12.0
14999.06,4.0,33686.19,1379.0,1726.0,5.0
29669.37,5.0,27830.83,1458.0,2262.0,14.0
48031.93,3.0,31558.82,1553.0,3465.0,13.0
32459.56,2.0,29536.28,2326.0,3577.0,8.0
33712.36,4.0,34518.99,2040.0,3158.0,8.0
16452.35,3.0,27300.5,1460.0,1670.0,9.0
35517.27,2.0,30939.68,847.0,2954.0,11.0
34242.61,3.0,31497.89,1271.0,5054.0,8.0
63702.1,3.0,38117.18,1734.0,3522.0,12.0
16637.63,3.0,24749.81,1592.0,2473.0,11.0
43146.52,3.0,30519.0,2253.0,3378.0,10.0
15752.05,3.0,23585.16,1812.0,2580.0,10.0
43860.38,3.0,29910.54,1663.0,4520.0,11.0
26330.85,4.0,29616.59,840.0,4253.0,8.0
23322.52,3.0,28638.1,2013.0,2839.0,6.0
30463.55,5.0,33606.66,880.0,5520.0,6.0
28854.15,4.0,35990.29,1529.0,3670.0,4.0
29190.98,3.0,31444.25,1714.0,1836.0,13.0
41151.9,4.0,31616.05,1569.0,3656.0,11.0
49554.93,2.0,37447.36,2041.0,1609.0,8.0
40029.35,2.0,29742.3,562.0,3439.0,12.0
41154.82,5.0,30000.95,1608.0,2741.0,15.0
41267.62,4.0,29275.79,1203.0,3399.0,11.0
31138.22,3.0,34346.13,1200.0,3166.0,8.0
45911.23,2.0,29417.78,2437.0,3049.0,12.0
46324.83,4.0,33882.65,1841.0,3320.0,17.0
23550.04,3.0,27474.83,1385.0,4756.0,6.0
23947.23,2.0,24651.19,1191.0,2824.0,9.0
37663.28,3.0,28599.21,2605.0,1322.0,13.0
44240.34,1.0,28228.66,1355.0,3418.0,11.0
52037.28,4.0,31667.79,1719.0,3574.0,15.0
62890.57,4.0,33532.56,1933.0,4517.0,16.0
15492.83,2.0,26023.13,1444.0,2650.0,9.0
33321.95,4.0,28446.4,1677.0,3067.0,13.0
16781.84,4.0,28921.15,1071.0,1380.0,10.0
40967.4,4.0,34818.48,878.0,3262.0,12.0
69429.39,3.0,42069.84,1619.0,3319.0,15.0
34919.31,3.0,26217.97,1608.0,3265.0,12.0
36364.46,4.0,34855.17,1902.0,3483.0,11.0
44318.83,5.0,33009.42,1502.0,2413.0,14.0
55305.5,5.0,35493.65,1626.0,4772.0,15.0
28218.0,3.0,29156.37,1311.0,1913.0,11.0
46482.62,2.0,31182.3,1794.0,2770.0,11.0
44342.46,3.0,34904.86,1631.0,3209.0,9.0
38225.81,3.0,35979.57,2156.0,1873.0,9.0
36929.76,3.0,27644.93,1236.0,4423.0,9.0
37684.1,3.0,30449.65,1738.0,3500.0,11.0
40021.64,2.0,27621.35,1659.0,4088.0,12.0
44659.15,4.0,30219.93,1466.0,2387.0,11.0
53389.9,5.0,33132.99,1697.0,3918.0,14.0
40074.91,3.0,31720.61,1159.0,2977.0,10.0
55573.94,2.0,38872.44,1715.0,4551.0,8.0
36826.52,2.0,28319.16,2328.0,2478.0,10.0
35417.85,3.0,32167.94,1541.0,2968.0,10.0
44074.1,4.0,28488.93,2626.0,3933.0,13.0
46336.47,3.0,31382.18,1887.0,4126.0,10.0
30364.97,3.0,23448.17,1462.0,2760.0,14.0
18865.24,2.0,26243.84,1377.0,3231.0,6.0
37870.63,3.0,35692.3,1192.0,1024.0,14.0
61349.56,2.0,34764.25,1499.0,4277.0,17.0
26519.6,4.0,30352.33,848.0,2797.0,8.0
43929.09,3.0,30752.12,1575.0,3601.0,12.0
37927.93,4.0,34489.27,926.0,2771.0,11.0
35515.89,6.0,28670.93,946.0,4236.0,12.0
42459.94,4.0,29526.52,2243.0,2491.0,18.0
41017.35,5.0,32854.02,1751.0,4400.0,13.0
46358.31,3.0,31850.85,1851.0,3409.0,14.0
65428.82,4.0,32444.9,2309.0,3952.0,17.0
31426.68,4.0,29480.22,2021.0,2316.0,9.0
41382.63,2.0,30303.76,1232.0,3985.0,11.0
39095.28,4.0,32387.32,1252.0,2218.0,12.0
50222.01,3.0,32681.45,1854.0,4832.0,7.0
39824.02,3.0,31840.32,1739.0,2136.0,14.0
44207.74,2.0,32687.14,2732.0,2181.0,9.0
48283.05,3.0,33277.05,1188.0,3386.0,14.0
41768.53,4.0,37046.2,1535.0,3095.0,8.0
23371.24,3.0,25647.42,2245.0,2178.0,8.0
39234.34,4.0,39006.35,790.0,3406.0,9.0
13197.12,4.0,28960.62,1161.0,2307.0,9.0
54119.1,4.0,34370.39,1643.0,3793.0,15.0
23952.95,3.0,34258.99,1085.0,1754.0,10.0
33950.87,4.0,29266.27,2104.0,4000.0,9.0
33777.92,6.0,30868.88,1786.0,3906.0,11.0
40076.97,3.0,30502.35,1914.0,2846.0,14.0
20974.55,3.0,29342.5,1253.0,2825.0,11.0
50132.69,5.0,37785.33,1545.0,3815.0,10.0
36432.88,3.0,30442.18,1316.0,4159.0,9.0
44943.19,2.0,38628.09,1028.0,2234.0,11.0
45099.53,3.0,34548.62,754.0,2642.0,9.0
41134.12,3.0,40558.99,1757.0,3465.0,8.0
17468.82,3.0,25178.48,1350.0,2412.0,8.0
37894.7,3.0,31325.99,1582.0,2766.0,12.0
41873.84,3.0,33449.03,1792.0,2800.0,10.0
42166.8,2.0,29609.22,1446.0,3724.0,10.0
64424.11,4.0,38611.8,2375.0,3147.0,17.0
41719.29,2.0,32894.43,2395.0,2855.0,13.0
19404.29,6.0,25598.15,655.0,3724.0,10.0
32096.89,2.0,30093.27,1759.0,2404.0,12.0
56984.93,3.0,36548.17,1735.0,4345.0,13.0
29800.63,4.0,29694.11,1475.0,4124.0,6.0
42154.66,4.0,34679.19,820.0,5047.0,12.0
33365.95,4.0,30495.01,1197.0,3460.0,11.0
44461.44,3.0,37151.31,901.0,3060.0,12.0
37713.05,5.0,29865.91,1751.0,3638.0,9.0
29497.39,3.0,31722.17,1487.0,3407.0,5.0
41375.83,4.0,32767.67,972.0,5097.0,7.0
51647.22,2.0,33028.58,1146.0,3848.0,11.0
31513.91,5.0,29061.89,2183.0,4069.0,7.0
38499.61,3.0,34896.22,1179.0,3102.0,12.0
45366.59,3.0,31132.65,1653.0,3109.0,13.0
27217.12,5.0,30308.62,1972.0,569.0,12.0
49415.4,4.0,36479.29,963.0,3586.0,10.0
36258.28,4.0,32881.74,2267.0,4498.0,7.0
26400.86,4.0,33749.34,1828.0,3362.0,5.0
30985.25,3.0,29681.93,1379.0,2808.0,11.0
50815.72,4.0,37628.35,2021.0,2119.0,15.0
23088.53,5.0,28351.2,1848.0,3109.0,8.0
48701.09,3.0,30149.69,1222.0,3458.0,15.0
35875.91,3.0,29601.95,1699.0,3705.0,12.0
23938.48,2.0,27051.91,1217.0,3302.0,11.0
23237.55,5.0,34244.45,1640.0,1644.0,8.0
55132.49,3.0,37885.86,1620.0,3072.0,13.0
36693.4,4.0,26304.47,2000.0,3144.0,17.0
14711.98,2.0,21792.84,1028.0,3132.0,6.0
31257.31,0.0,26965.57,1827.0,2775.0,8.0
42159.98,4.0,34912.47,2195.0,3170.0,10.0
34446.64,2.0,28456.77,1663.0,2630.0,12.0
42009.11,4.0,31523.81,1522.0,3605.0,10.0
31156.11,5.0,30809.87,2109.0,3283.0,12.0
46668.85,3.0,30585.91,2250.0,3818.0,11.0
27701.59,3.0,30572.11,2144.0,3343.0,10.0
31418.35,6.0,37108.2,1927.0,1554.0,9.0
10321.22,4.0,26256.46,1528.0,2215.0,4.0
59546.57,2.0,31233.04,1849.0,4335.0,18.0
48320.2,3.0,29370.29,2768.0,2739.0,17.0
44898.68,4.0,29550.51,1391.0,2941.0,17.0
44587.41,3.0,33226.3,1177.0,2747.0,11.0
34167.09,2.0,31236.24,1788.0,2814.0,7.0
55887.64,2.0,33938.23,2474.0,3221.0,12.0
39887.67,2.0,31902.15,1823.0,1262.0,12.0
62236.15,2.0,37369.98,921.0,4214.0,14.0
35882.66,2.0,28112.5,1404.0,3791.0,9.0
18056.8,3.0,25958.4,1434.0,2446.0,7.0
18878.57,4.0,27584.93,2169.0,3024.0,9.0
46341.53,1.0,29490.57,1477.0,3787.0,11.0
49034.23,5.0,38575.0,1291.0,4908.0,8.0
45901.75,3.0,29387.54,1250.0,3907.0,15.0
37833.61,2.0,31558.63,1210.0,2397.0,12.0
29302.91,5.0,33960.23,1546.0,3305.0,10.0
36194.27,3.0,32460.35,389.0,3794.0,10.0
31352.42,4.0,27673.62,1007.0,4591.0,12.0
48825.77,5.0,35365.27,1461.0,3579.0,11.0
26531.32,2.0,30544.73,2653.0,1537.0,7.0
34349.84,4.0,26374.84,2077.0,4092.0,13.0
45585.2,3.0,32948.68,2052.0,2262.0,14.0
36277.74,3.0,25879.43,954.0,3067.0,14.0
39370.6,2.0,27847.27,2499.0,3867.0,12.0
30262.56,3.0,37735.63,1040.0,1296.0,11.0
40924.87,2.0,32785.48,1588.0,4294.0,10.0
55430.55,2.0,37248.0,2024.0,4022.0,10.0
40901.57,6.0,31299.91,885.0,3137.0,14.0
39580.5,3.0,29526.54,1514.0,3145.0,12.0
24315.16,3.0,24467.61,1025.0,3281.0,7.0
56566.28,2.0,40066.88,563.0,3842.0,10.0
32004.95,3.0,33788.73,2248.0,3100.0,7.0
45982.16,3.0,35448.85,1988.0,3188.0,11.0
19123.95,3.0,28163.51,1284.0,3444.0,9.0
54455.55,3.0,34319.81,1617.0,2843.0,16.0
23328.83,6.0,24817.72,1785.0,3374.0,13.0
25140.13,5.0,25604.56,2231.0,2417.0,12.0
37060.19,3.0,34031.73,1541.0,4938.0,6.0
29271.18,3.0,31932.01,1467.0,2455.0,8.0
12773.19,5.0,23512.9,1444.0,3797.0,9.0
45718.27,4.0,33439.71,2155.0,2449.0,16.0
30283.01,4.0,30653.46,1966.0,4145.0,12.0
42852.23,3.0,30030.29,1812.0,3296.0,16.0
25316.93,4.0,32904.62,802.0,3183.0,9.0
39223.79,2.0,31172.24,2303.0,2108.0,14.0
33024.04,3.0,26217.01,2618.0,3412.0,9.0
37258.3,2.0,28878.76,1273.0,3102.0,11.0
44117.41,4.0,26194.72,2009.0,3628.0,15.0
50734.05,3.0,32210.86,1103.0,3651.0,14.0
25739.86,3.0,25098.19,984.0,5603.0,8.0
32628.63,2.0,30710.55,1999.0,2543.0,10.0
43633.81,3.0,36175.84,1336.0,2549.0,11.0
46503.74,3.0,35867.67,2508.0,2159.0,9.0
39652.48,2.0,29823.14,1969.0,4416.0,11.0
31373.16,4.0,32196.45,1551.0,2721.0,6.0
37541.33,4.0,28895.22,1020.0,3008.0,11.0
29973.74,4.0,29898.83,2158.0,2079.0,13.0
50185.17,2.0,32770.55,1650.0,3117.0,12.0
28273.48,3.0,30022.39,1163.0,3020.0,9.0
28368.63,3.0,25501.33,1412.0,3771.0,10.0
22859.36,2.0,27462.08,1308.0,1580.0,10.0
22796.76,5.0,24230.24,2177.0,2681.0,11.0
34378.89,2.0,29616.78,1563.0,3046.0,12.0
38025.14,3.0,28192.02,1749.0,3131.0,14.0
12196.42,3.0,25807.3,1855.0,1632.0,6.0
37598.83,4.0,23753.58,1137.0,3112.0,16.0
32954.9,4.0,30448.47,1414.0,3402.0,9.0
49807.84,4.0,27752.9,2188.0,3923.0,15.0
16282.72,4.0,24371.14,1665.0,3796.0,7.0
35172.44,2.0,29766.02,641.0,2513.0,12.0
41497.2,3.0,30548.23,3105.0,2440.0,13.0
28554.67,3.0,32262.31,2062.0,2883.0,5.0
25828.04,3.0,26204.07,1664.0,2760.0,9.0
39087.63,2.0,28391.18,1330.0,4006.0,13.0
41018.06,3.0,35856.83,752.0,4093.0,9.0
52396.67,5.0,33048.25,2418.0,4282.0,19.0
40837.97,3.0,37009.19,1696.0,3452.0,9.0
41624.78,4.0,30876.57,1417.0,4711.0,11.0
58434.47,4.0,33390.73,1961.0,4413.0,16.0
47279.62,4.0,31304.23,2050.0,5629.0,12.0
38112.32,5.0,28544.35,1355.0,2687.0,15.0
47842.85,4.0,33013.32,1697.0,3478.0,16.0
31178.0,3.0,37943.46,1357.0,2503.0,10.0
30735.7,4.0,27681.76,1136.0,4068.0,12.0
28271.4,4.0,31815.44,1633.0,4637.0,6.0
56939.37,3.0,34087.58,2895.0,3946.0,8.0
40528.18,4.0,36783.52,1017.0,1427.0,11.0
66074.12,4.0,32497.6,2338.0,4569.0,18.0
41878.05,5.0,35491.16,1841.0,4043.0,6.0
32545.74,4.0,34514.01,1556.0,3167.0,8.0
46649.18,4.0,27054.33,1283.0,4436.0,15.0
50201.45,4.0,31885.5,1484.0,2579.0,14.0
12517.17,3.0,26184.24,1842.0,3930.0,5.0
50024.3,4.0,35975.94,1120.0,5509.0,14.0
46757.79,4.0,32344.74,1776.0,3804.0,16.0
54634.7,3.0,33670.53,2096.0,4744.0,13.0
13669.62,3.0,24711.11,793.0,2899.0,7.0
33616.62,1.0,31450.51,1378.0,3131.0,7.0
47149.54,1.0,34063.56,1702.0,3474.0,12.0
31946.87,3.0,27435.74,925.0,3681.0,13.0
25042.1,4.0,25902.96,729.0,4686.0,10.0
50408.44,2.0,29213.17,1379.0,3454.0,15.0
15010.45,5.0,28285.48,1085.0,2419.0,5.0
27711.35,2.0,29559.97,1616.0,2531.0,13.0
18724.9,3.0,25210.9,1979.0,2602.0,9.0
13086.27,4.0,30767.37,835.0,3195.0,4.0
47992.69,2.0,29858.32,1716.0,3415.0,14.0
57651.25,3.0,38638.7,2064.0,3129.0,13.0
36053.21,3.0,36806.96,548.0,2573.0,13.0
40099.21,4.0,31428.68,1272.0,4450.0,12.0
32038.65,5.0,30498.14,1084.0,3861.0,10.0
45789.14,3.0,34966.53,658.0,5015.0,11.0
36616.53,2.0,30164.03,2035.0,4490.0,11.0
49915.74,3.0,37368.94,1562.0,2542.0,14.0
35451.16,4.0,33304.48,1608.0,2893.0,7.0
59264.66,4.0,39856.19,3280.0,3921.0,6.0
43255.52,4.0,34186.57,2286.0,2806.0,11.0
40750.16,3.0,34962.69,2212.0,2989.0,9.0
10207.96,3.0,24713.18,1942.0,1531.0,9.0
43286.78,3.0,30382.28,343.0,5304.0,14.0
23787.84,3.0,31768.63,1928.0,1329.0,5.0
45643.54,4.0,34057.54,1568.0,4563.0,13.0
30322.01,3.0,28027.43,1411.0,2439.0,14.0
40286.81,3.0,38313.72,1020.0,2890.0,11.0
48517.27,4.0,35845.93,918.0,2644.0,10.0
50687.46,2.0,32859.75,1176.0,3004.0,13.0
25984.08,6.0,27557.83,2081.0,2413.0,12.0
48565.53,4.0,31657.72,2276.0,3227.0,11.0
35377.56,4.0,39456.09,1043.0,3205.0,9.0
23072.92,1.0,26308.82,2484.0,1996.0,5.0
30074.72,4.0,27189.92,881.0,4162.0,12.0
44085.76,3.0,31276.12,1546.0,1875.0,16.0
51180.02,5.0,35048.37,1300.0,3022.0,16.0
25632.79,3.0,30067.4,1467.0,2239.0,8.0
30192.95,4.0,28075.26,2473.0,4815.0,10.0
31711.67,3.0,31939.51,1404.0,2585.0,9.0
39373.32,4.0,33542.5,1531.0,3218.0,8.0
45860.28,2.0,31694.91,2115.0,3296.0,8.0
28928.96,3.0,33922.25,1005.0,2812.0,6.0
43797.03,3.0,31443.74,1667.0,1846.0,15.0
42851.24,3.0,33904.59,1224.0,1862.0,12.0
57970.72,3.0,36701.68,1800.0,3314.0,12.0
36693.49,3.0,28196.03,2076.0,2406.0,12.0
39859.69,4.0,33460.76,1939.0,3740.0,11.0
53812.7,3.0,34804.56,1305.0,4663.0,14.0
65351.28,3.0,32384.81,1478.0,4374.0,17.0
23777.5,3.0,28344.11,1027.0,178.0,17.0
43885.88,3.0,26419.86,1685.0,3810.0,16.0
70334.57,4.0,38796.55,1199.0,4998.0,13.0
29339.32,5.0,33755.52,790.0,3518.0,6.0
40570.7,3.0,34259.06,2031.0,3065.0,11.0
30407.05,4.0,30101.19,1320.0,1791.0,10.0
43713.71,4.0,31114.84,1734.0,3691.0,15.0
44268.8,4.0,27909.1,956.0,4949.0,16.0
44818.42,4.0,31830.88,1462.0,2768.0,16.0
45305.14,3.0,39357.43,2117.0,3727.0,5.0
15993.22,5.0,30200.46,1253.0,2798.0,6.0
30585.78,4.0,32895.77,700.0,3316.0,11.0
43339.71,3.0,31517.2,579.0,4554.0,12.0
36172.81,4.0,22372.59,2001.0,1881.0,17.0
39302.44,4.0,30379.04,1581.0,3983.0,10.0
33404.14,2.0,35967.7,1293.0,1578.0,10.0
54222.77,3.0,38158.96,1337.0,2965.0,13.0
39133.28,4.0,35903.37,1850.0,3075.0,7.0
25434.26,5.0,34050.03,1871.0,2786.0,7.0
38052.85,2.0,33125.55,1897.0,3410.0,9.0
25193.7,4.0,31671.97,1731.0,3217.0,9.0
43560.74,3.0,25646.36,1820.0,5239.0,12.0
26618.6,3.0,24639.33,1245.0,5172.0,11.0
37867.16,3.0,31792.56,1313.0,3394.0,8.0
37320.59,3.0,28651.56,1617.0,3409.0,11.0
27021.03,3.0,25873.2,1507.0,3978.0,11.0
55121.37,3.0,33141.67,2397.0,3942.0,16.0
40764.64,4.0,31005.13,1327.0,4142.0,13.0
47174.12,3.0,30127.18,1854.0,4174.0,13.0
40329.99,4.0,30335.46,2260.0,2799.0,12.0
56731.17,4.0,33865.35,2903.0,4171.0,15.0
34154.48,4.0,32105.78,1383.0,2555.0,13.0
29803.96,4.0,25487.11,1663.0,3548.0,12.0
48097.64,3.0,33257.92,1485.0,2370.0,17.0
35535.46,5.0,29838.44,1484.0,3800.0,12.0
32962.66,4.0,34075.72,1300.0,3474.0,7.0
40462.74,2.0,34855.33,816.0,3522.0,9.0
61157.54,4.0,32962.84,1781.0,5279.0,13.0
30470.71,3.0,30055.84,1038.0,2272.0,13.0
53600.4,2.0,38098.83,951.0,4721.0,8.0
64044.91,3.0,36893.57,2841.0,4383.0,12.0
33059.15,5.0,29230.59,1990.0,3270.0,13.0
35474.26,5.0,34360.99,903.0,3182.0,9.0
47633.19,4.0,33214.85,1909.0,2941.0,10.0
25880.17,3.0,24584.31,1607.0,4049.0,9.0
37067.2,3.0,35426.39,1042.0,684.0,13.0
43841.35,2.0,38289.45,1076.0,3441.0,10.0
39553.13,5.0,26010.86,988.0,6249.0,14.0
28712.63,6.0,33998.54,1585.0,1850.0,8.0
30357.38,5.0,29460.7,1428.0,2484.0,13.0
40150.37,3.0,33161.8,1637.0,1717.0,11.0
10921.78,5.0,23633.83,1704.0,4186.0,9.0
27253.28,3.0,37070.52,1654.0,2363.0,10.0
21253.85,3.0,28940.58,1510.0,2597.0,6.0
51067.82,3.0,35256.77,1556.0,2323.0,15.0
26358.7,4.0,29754.96,2098.0,3470.0,7.0
16730.12,4.0,29293.46,1404.0,1143.0,8.0
41679.06,3.0,34215.68,1858.0,1938.0,7.0
27501.97,3.0,30514.49,477.0,2344.0,8.0
50787.37,4.0,33127.21,1937.0,3649.0,14.0
39776.62,5.0,27383.4,1527.0,2435.0,15.0
44145.29,4.0,30884.54,1037.0,3950.0,13.0
57329.53,5.0,35647.87,1422.0,4625.0,16.0
53704.8,4.0,38751.62,1868.0,1649.0,15.0
20079.93,3.0,33400.42,1375.0,2404.0,7.0
43035.32,4.0,31676.65,2108.0,2576.0,12.0
27327.2,3.0,29262.14,1657.0,2964.0,11.0
42055.49,5.0,28367.94,1677.0,4001.0,15.0
36302.67,4.0,33250.92,1396.0,4219.0,11.0
25450.18,3.0,36464.58,2002.0,1093.0,7.0
30941.77,1.0,28044.36,1232.0,2711.0,7.0
38998.92,3.0,29096.46,1449.0,3355.0,10.0
49247.14,3.0,34127.4,2206.0,3218.0,10.0
34418.4,3.0,30851.18,1593.0,2035.0,9.0
24375.44,3.0,25249.79,1482.0,2568.0,9.0
26798.45,5.0,34511.68,1547.0,4036.0,6.0
60789.94,4.0,42162.64,920.0,4980.0,15.0
26813.65,3.0,31511.77,1653.0,1889.0,9.0
31153.0,2.0,32654.61,1857.0,2842.0,6.0
21324.86,3.0,20530.33,682.0,4091.0,11.0
36776.47,2.0,30844.86,1002.0,3369.0,13.0
32105.42,3.0,31576.5,1153.0,2503.0,9.0
52473.15,3.0,36330.79,1383.0,3709.0,12.0
33928.72,4.0,30084.97,1501.0,3805.0,9.0
39074.71,4.0,29184.87,1660.0,3115.0,15.0
22080.47,4.0,25786.68,1770.0,3141.0,7.0
45170.17,3.0,31224.72,1658.0,2949.0,15.0
22081.84,3.0,28690.8,499.0,3606.0,9.0
21303.48,2.0,24888.31,1853.0,3677.0,4.0
48141.49,4.0,34013.36,2687.0,3175.0,10.0
49725.22,3.0,37467.61,2259.0,3520.0,10.0
53374.83,4.0,30467.53,1395.0,4182.0,17.0
45404.47,3.0,33879.12,1756.0,2812.0,12.0
15071.66,4.0,21204.22,1701.0,4470.0,8.0
54664.36,3.0,33151.08,2094.0,4368.0,16.0
40357.58,4.0,30569.08,2154.0,3937.0,12.0
41629.8,4.0,35775.75,1155.0,2715.0,12.0
32324.69,4.0,28237.07,1157.0,4687.0,10.0
36925.1,3.0,37749.17,885.0,2033.0,9.0
52662.37,1.0,35291.56,1859.0,2404.0,12.0
34579.43,3.0,28372.99,1605.0,4608.0,11.0
36997.37,5.0,33489.39,2511.0,4415.0,11.0
31837.56,3.0,28058.02,1365.0,4541.0,11.0
44675.03,3.0,30298.27,2031.0,3262.0,15.0
42687.58,6.0,36781.45,1153.0,3382.0,11.0
45798.11,3.0,33420.97,1161.0,3276.0,14.0
37642.47,3.0,29642.38,1516.0,4052.0,11.0
45646.66,4.0,35628.65,2272.0,4036.0,12.0
47776.02,2.0,33434.38,1115.0,2874.0,11.0
29488.42,4.0,24402.69,1959.0,3729.0,11.0
50771.07,5.0,38561.84,2377.0,2933.0,15.0
36599.0,6.0,31876.88,2300.0,3426.0,9.0
38597.53,3.0,28997.84,1618.0,2991.0,9.0
29092.85,3.0,30871.71,2065.0,2800.0,10.0
38817.5,3.0,31037.89,628.0,4054.0,6.0
30517.5,3.0,31371.26,406.0,3666.0,6.0
37954.16,2.0,28954.53,1703.0,4106.0,12.0
47431.62,2.0,32249.0,2300.0,2964.0,15.0
55586.85,5.0,32690.68,2364.0,4251.0,16.0
41373.29,2.0,28109.04,1587.0,4098.0,10.0
31287.92,6.0,37583.22,1533.0,3017.0,9.0
36692.43,4.0,27366.7,2337.0,2956.0,13.0
32084.17,3.0,34455.96,1194.0,1809.0,12.0
34780.21,3.0,30888.99,965.0,2506.0,13.0
7146.99,2.0,21252.35,852.0,2372.0,5.0
25690.76,3.0,26956.61,1060.0,3939.0,13.0
31381.72,3.0,32227.96,1956.0,1899.0,11.0
49347.14,1.0,34622.23,1487.0,3854.0,14.0
44493.61,6.0,30908.97,1611.0,3129.0,15.0
42007.8,2.0,35106.06,905.0,3702.0,9.0
32527.33,4.0,25176.79,1723.0,4073.0,14.0
48207.7,2.0,35138.44,1592.0,2446.0,12.0
23510.02,4.0,24136.22,1209.0,3435.0,12.0
37559.08,3.0,29243.62,1280.0,3075.0,13.0
57946.42,4.0,37198.08,1518.0,2707.0,15.0
39544.58,5.0,34699.61,1341.0,3397.0,7.0
32363.56,3.0,26744.41,1222.0,5533.0,9.0
41677.55,3.0,33164.16,1804.0,3437.0,13.0
37505.68,3.0,33502.47,2276.0,2974.0,11.0
25625.48,4.0,30769.04,1529.0,3469.0,12.0
44325.96,2.0,33468.52,2173.0,4355.0,7.0
46689.11,3.0,28278.48,961.0,3335.0,16.0
34826.87,4.0,27801.73,1914.0,2507.0,14.0
28618.06,3.0,35481.5,1294.0,1731.0,10.0
40226.41,4.0,29218.3,1932.0,4410.0,13.0
39093.23,4.0,34785.8,2803.0,4270.0,8.0
