responses,offer_discount,offer_quality,offer_reach
4151.0,26.0,10.257680190454439,31344.0
3397.0,35.0,15.194379645850159,24016.0
3274.0,21.0,13.971468376460841,28832.0
3426.0,27.0,6.054338098808626,26747.0
5745.0,42.0,16.80136546351504,46968.0
5619.0,30.0,7.918997059002768,12413.0
3135.0,37.0,10.244309988593683,25436.0
4466.0,32.0,15.232037317453063,33494.0
4579.0,30.0,12.304583951171056,34066.0
4927.0,16.0,10.719936819780322,47976.0
3284.0,11.0,11.218409016668424,40007.0
5893.0,31.0,18.51146945100862,32563.0
4666.0,28.0,10.626024054867823,40702.0
6469.0,54.0,16.995556195461464,31192.0
2103.0,0.0,17.28515008924504,27076.0
6033.0,35.0,13.785880786667772,32255.0
5290.0,29.0,16.922629350289426,33842.0
4486.0,32.0,13.346848099663742,45117.0
5047.0,27.0,11.080529540942488,25062.0
3660.0,46.0,12.25183998009625,23103.0
5628.0,45.0,11.21606730223509,39690.0
4370.0,22.0,13.235880489347077,35107.0
1639.0,18.0,10.518066353367846,25996.0
4959.0,36.0,10.570143132255243,29244.0
6765.0,48.0,12.500230426064514,50341.0
5709.0,44.0,18.832964443169868,47203.0
4852.0,26.0,9.982394964922216,39870.0
4055.0,27.0,11.158945054541295,35590.0
5186.0,43.0,10.282790073838315,41975.0
3425.0,31.0,17.714528049697027,32482.0
5012.0,36.0,15.964955909791477,29174.0
5265.0,42.0,10.020967971354526,38830.0
3398.0,32.0,12.93352312749838,35045.0
3955.0,30.0,10.879345650384213,46612.0
4803.0,23.0,16.225344895656974,38956.0
4516.0,51.0,12.038308097232795,23717.0
4040.0,42.0,19.494889480504437,13634.0
3779.0,20.0,12.034028085390743,26502.0
4979.0,39.0,12.19415209893958,36378.0
6725.0,34.0,8.136052802129177,60662.0
4222.0,24.0,7.55523900458857,44853.0
2428.0,19.0,13.209238718546676,34915.0
4430.0,26.0,11.513903169811122,30538.0
3169.0,31.0,13.266370631446211,25551.0
5821.0,52.0,16.457424060417846,44043.0
2686.0,24.0,16.15988329614392,31180.0
4376.0,20.0,8.246260248427275,42116.0
4905.0,44.0,17.833705818477778,25720.0
4614.0,32.0,13.898045998304516,20472.0
3186.0,25.0,16.654444586912,29817.0
4227.0,19.0,13.513101623839471,35258.0
3843.0,30.0,15.741825038551948,36272.0
4168.0,31.0,8.1459528600344,16125.0
4393.0,46.0,8.55661304730823,31874.0
4345.0,40.0,4.25245427443408,28203.0
2151.0,32.0,11.309345550979186,19750.0
4658.0,16.0,12.506505353012711,46833.0
3092.0,27.0,17.824996639361462,24724.0
6270.0,46.0,15.709980329782052,38913.0
4731.0,21.0,16.176522158151652,36093.0
3306.0,23.0,10.994283502163464,40339.0
2265.0,22.0,17.195183238313778,34474.0
5764.0,40.0,12.771558920471339,40112.0
2928.0,33.0,15.876611833360423,29523.0
3603.0,22.0,15.299323285945528,34621.0
4391.0,31.0,8.781807666445967,28004.0
2775.0,27.0,14.87573962315572,28810.0
3726.0,21.0,9.30852746802984,45892.0
3928.0,16.0,13.885306220810541,31080.0
5048.0,36.0,15.947425749148444,41835.0
5803.0,45.0,22.3191720408032,56988.0
5224.0,36.0,17.63130611492678,35589.0
7847.0,36.0,20.14852547172672,38289.0
3273.0,39.0,11.686811650218502,11881.0
3955.0,26.0,8.247146290557422,21363.0
4768.0,25.0,8.725066033712114,31158.0
2073.0,18.0,15.328596605917461,25732.0
4999.0,29.0,11.644600720173312,34368.0
5408.0,39.0,13.218291547298431,46310.0
2328.0,35.0,11.133731654897685,18554.0
5191.0,27.0,17.89773792109824,40076.0
2579.0,29.0,16.215920443256906,34580.0
5696.0,36.0,16.559721301641154,42641.0
5472.0,28.0,14.225260000867518,41258.0
3402.0,25.0,18.562750272149962,34729.0
3357.0,27.0,10.50254365145122,39645.0
3126.0,17.0,9.768370492693956,33026.0
2311.0,16.0,13.702528828383187,27520.0
4485.0,44.0,18.394651862010598,41063.0
5219.0,11.0,17.636664576147393,45841.0
4437.0,45.0,12.355700473199523,28573.0
3345.0,43.0,12.261011399722195,22809.0
4528.0,33.0,14.02530670782232,30174.0
4376.0,39.0,11.448128890827032,37788.0
4758.0,27.0,15.8409346218874,27283.0
5136.0,38.0,10.686678948043781,35181.0
7129.0,47.0,15.92984620386571,37757.0
4751.0,31.0,19.503609421737565,18239.0
2541.0,19.0,15.410837455067586,50810.0
2831.0,46.0,14.384374046107286,26069.0
4573.0,36.0,12.923552678492046,34550.0
3374.0,31.0,11.397453018278823,56144.0
7163.0,42.0,10.583335241722429,39622.0
4772.0,28.0,8.42200930216643,33348.0
997.0,14.0,8.168698711575214,20109.0
2811.0,30.0,16.077546541440867,34120.0
7606.0,39.0,13.459745004684985,57468.0
2930.0,34.0,16.604547917965053,13701.0
6428.0,27.0,15.005373189394822,38235.0
2729.0,26.0,5.604500491178891,32713.0
5527.0,30.0,8.972462691732165,35841.0
4706.0,39.0,10.68290478000719,33813.0
1155.0,22.0,12.42791758045821,15443.0
5963.0,31.0,9.830683706379949,46460.0
4079.0,13.0,13.246717212607358,30048.0
2170.0,32.0,12.016055137672758,21342.0
3300.0,19.0,10.999077090130541,22027.0
5641.0,41.0,12.939514875614268,26754.0
5744.0,34.0,7.909848100181538,37674.0
2953.0,22.0,11.19065009490784,28672.0
2768.0,26.0,18.272432859061,30817.0
3175.0,48.0,11.288149612284215,20381.0
5698.0,38.0,8.80793519997235,35622.0
4302.0,29.0,14.608415842556013,34187.0
5869.0,29.0,12.959266630317261,38813.0
1764.0,7.0,13.598745967677594,35386.0
7307.0,63.0,13.61061794444235,41727.0
3509.0,31.0,13.565914662462104,34167.0
4135.0,42.0,16.443271089173557,22128.0
3331.0,11.0,7.478904833401868,37521.0
5520.0,34.0,14.347807026841712,36669.0
5326.0,32.0,11.370632538127957,41852.0
4370.0,29.0,15.07705466012533,25207.0
4892.0,21.0,13.475256638186641,35636.0
1640.0,29.0,15.770630350158243,18825.0
4697.0,33.0,6.953742084222344,42255.0
3237.0,19.0,13.248555772570963,41469.0
5003.0,36.0,15.93396921600792,30932.0
2047.0,13.0,20.829991726864122,25450.0
3488.0,10.0,15.439787854978778,44357.0
4114.0,36.0,14.525996533810087,33502.0
3331.0,22.0,17.06212560296881,34310.0
5089.0,30.0,18.045010969950464,34442.0
6601.0,39.0,11.737981988909901,41000.0
3329.0,26.0,11.80667029756858,40465.0
5024.0,30.0,14.905251538814749,34206.0
4800.0,39.0,16.823464478485594,33984.0
5054.0,45.0,12.164028657003163,21016.0
4136.0,24.0,16.436307999195666,29960.0
5023.0,27.0,9.418852698975963,37994.0
4601.0,28.0,8.31904343060615,39503.0
5715.0,31.0,18.48047172786851,38756.0
3010.0,24.0,8.663049861363973,40541.0
4279.0,37.0,22.333073755891718,21030.0
3947.0,10.0,12.943773387988855,46627.0
5789.0,50.0,20.417137458820413,38747.0
3406.0,39.0,10.52113600989829,36461.0
4745.0,32.0,14.761834918668793,36829.0
1540.0,24.0,11.569901799836632,41638.0
4647.0,23.0,16.320759596060704,33221.0
4438.0,40.0,8.328097313909232,9006.0
4586.0,32.0,11.685720496906606,51591.0
5498.0,60.0,11.820461390911099,39326.0
4184.0,25.0,17.330368435410996,37677.0
8112.0,49.0,18.352082949883503,57054.0
3306.0,19.0,14.158253675897113,35876.0
4037.0,21.0,18.94956180561533,36817.0
3915.0,31.0,10.558718607804952,29100.0
6733.0,37.0,11.38330488858603,37599.0
2858.0,27.0,10.376073252988196,26722.0
2223.0,23.0,15.355273648111098,26412.0
4067.0,20.0,9.751285867793364,30820.0
4958.0,40.0,17.712404764002482,42572.0
4875.0,33.0,11.6184434214932,34754.0
1932.0,33.0,5.273176885133988,28797.0
3841.0,38.0,11.5720262873875,31513.0
2941.0,30.0,11.909420437544643,30038.0
4882.0,43.0,10.51437790355635,26548.0
3850.0,39.0,15.747441907352748,38408.0
3013.0,47.0,15.675528994566928,34880.0
5915.0,44.0,12.407113811681418,36931.0
3449.0,24.0,10.52562618440126,45130.0
4128.0,28.0,13.500685169025372,47453.0
5661.0,53.0,12.109130178835024,37622.0
3301.0,20.0,15.991774211079136,53870.0
3377.0,30.0,14.71627821146762,24088.0
2399.0,30.0,13.42609401194217,30230.0
4462.0,37.0,12.087336230549141,31374.0
4126.0,35.0,15.559966629055337,31989.0
5844.0,24.0,15.098448116560483,44371.0
6544.0,43.0,12.360047842538911,48585.0
6092.0,20.0,16.522011661978688,47830.0
5335.0,36.0,16.401914903001966,38315.0
4608.0,31.0,10.441314798894663,30794.0
4172.0,34.0,9.941402407172099,30709.0
6500.0,42.0,9.043423036318037,35670.0
2155.0,21.0,10.814692675096873,24547.0
4230.0,26.0,15.623906455081233,38167.0
4699.0,39.0,9.24541257981783,24750.0
5883.0,37.0,11.343294131402146,34328.0
3702.0,28.0,12.226369762337757,14012.0
2475.0,21.0,10.83604381468743,27076.0
4738.0,37.0,9.00337187221661,41651.0
5007.0,29.0,12.350135014270903,31801.0
4781.0,20.0,13.679628244076248,42393.0
3378.0,13.0,13.22426372597344,38467.0
4314.0,41.0,15.405127091126264,30987.0
6906.0,45.0,14.6102562347102,28792.0
6673.0,44.0,19.466275289092035,26000.0
4840.0,35.0,14.04385256637228,39273.0
5540.0,43.0,17.07071633443193,38370.0
4640.0,41.0,15.163932037157078,47058.0
2661.0,21.0,16.136124368016095,24772.0
3399.0,40.0,11.685533079997084,15668.0
3868.0,37.0,10.644179272804275,27226.0
5416.0,34.0,7.3161892733973595,29619.0
3493.0,31.0,14.926444271961003,31976.0
4219.0,41.0,8.021322953980096,27739.0
4623.0,42.0,14.174101221318727,34171.0
3481.0,25.0,13.13761028929,38731.0
5334.0,32.0,10.800578213191187,33139.0
4280.0,18.0,15.322827380690837,52078.0
3255.0,24.0,11.513663087955432,54078.0
1847.0,32.0,10.74691808670343,7825.0
5255.0,37.0,14.09762558337768,45811.0
5660.0,43.0,11.637889176461144,32881.0
3774.0,18.0,14.595375836523882,41001.0
3520.0,31.0,18.963219111981715,32463.0
4510.0,26.0,14.127960910629529,28075.0
4416.0,40.0,19.912403057633867,24934.0
3517.0,31.0,15.310506778952803,34473.0
4384.0,36.0,15.522811777300413,49449.0
6490.0,45.0,9.811569301769143,39681.0
2582.0,20.0,16.58733643808433,26423.0
5449.0,46.0,14.777898191757474,26249.0
2852.0,29.0,14.299075949634135,24962.0
2366.0,15.0,20.137823367018118,20099.0
2861.0,30.0,12.25627727137186,27381.0
5651.0,25.0,8.864326283587372,36622.0
6703.0,37.0,18.05758251061946,47741.0
3780.0,23.0,8.254309162907674,27213.0
5501.0,25.0,17.03076101225799,44783.0
5917.0,37.0,13.896931772045917,39187.0
5407.0,21.0,14.001989716682639,53949.0
3527.0,41.0,6.023285985414164,46523.0
2492.0,31.0,11.045198021524847,17909.0
2687.0,34.0,6.497369707079073,30503.0
4462.0,42.0,11.452211577473513,25968.0
6480.0,39.0,19.769744046456303,46143.0
4466.0,25.0,10.250681544848788,47196.0
3539.0,33.0,18.654194548802394,23446.0
3239.0,31.0,10.859337150046182,42935.0
6766.0,36.0,14.404260462331312,37891.0
2654.0,36.0,9.949915543380524,28310.0
4901.0,43.0,10.974410471905578,33668.0
4719.0,49.0,11.115500942732284,23132.0
6002.0,52.0,14.049988737814022,35014.0
3927.0,37.0,17.2262091931171,38589.0
5189.0,25.0,10.91505249920922,42425.0
4126.0,41.0,10.50577358868626,28015.0
4638.0,33.0,8.771188557991366,29638.0
4168.0,46.0,7.962542958589536,17559.0
6213.0,42.0,13.39562787897767,32512.0
4535.0,16.0,5.961141465284654,37355.0
4556.0,27.0,12.329318372923698,31973.0
5178.0,13.0,16.647387151221583,54103.0
5504.0,37.0,15.851308276341472,41141.0
3348.0,46.0,10.24838269105974,21901.0
4797.0,36.0,5.809030021028478,40698.0
6510.0,44.0,15.22359383303786,41460.0
3069.0,28.0,8.508823230952032,39660.0
3764.0,29.0,14.399961458597613,28627.0
595.0,25.0,9.136176406116624,31334.0
3728.0,26.0,17.80576401445382,22562.0
2860.0,16.0,11.787418742114035,31969.0
3078.0,48.0,14.086916597541066,22306.0
4822.0,31.0,9.63506375567767,38969.0
2946.0,34.0,15.72472579610417,22864.0
5095.0,31.0,18.7657521692429,54009.0
3747.0,35.0,13.95801100086754,30493.0
3881.0,2.0,13.903252916514575,57235.0
5782.0,37.0,13.5989414532066,39659.0
4271.0,38.0,10.070294007948702,40732.0
5859.0,28.0,18.611282919161813,45161.0
3974.0,45.0,7.561000225480487,32103.0
6552.0,45.0,7.747894050949313,48347.0
7123.0,25.0,16.8198901783719,52253.0
4058.0,34.0,11.859265722557033,23387.0
6101.0,43.0,9.726774642064223,39656.0
2999.0,21.0,17.45630526794049,35543.0
2206.0,34.0,7.901034680493309,26262.0
1781.0,18.0,11.085911033064326,27619.0
4345.0,12.0,10.725920227617827,34411.0
2315.0,23.0,11.44335760747409,33333.0
4090.0,27.0,13.825210431500501,31678.0
2635.0,13.0,14.968367568798183,33513.0
5429.0,45.0,14.15173263157326,36845.0
2246.0,31.0,15.341323183889434,26255.0
4186.0,36.0,10.296537758278957,31717.0
4814.0,23.0,13.347161936121221,48670.0
5922.0,37.0,15.565122332144245,19051.0
4142.0,31.0,6.2794330947807175,43619.0
5797.0,38.0,14.573322802630608,32219.0
3956.0,35.0,14.050299842557301,17270.0
6507.0,42.0,10.802166127600081,38790.0
3961.0,37.0,12.52439358040682,14171.0
6780.0,38.0,14.436003120370518,19464.0
4764.0,28.0,11.188853798167912,33003.0
4767.0,23.0,7.982484094235916,22167.0
6510.0,48.0,14.716363448844596,32880.0
5310.0,41.0,18.386959311503933,43546.0
4537.0,23.0,11.210884709332433,39459.0
7561.0,33.0,13.667172661144807,36062.0
4879.0,35.0,13.00532556938635,48114.0
5507.0,26.0,6.385615110731009,42016.0
3516.0,17.0,9.977089184741363,30278.0
3429.0,20.0,11.864473261430994,22832.0
3490.0,31.0,8.07722681160888,30365.0
4730.0,26.0,16.873191866163538,32490.0
3093.0,25.0,12.310993660259523,29653.0
3424.0,30.0,14.326305907669418,26667.0
4403.0,42.0,9.403833341360809,38423.0
3259.0,38.0,8.693906167588663,40445.0
4670.0,27.0,15.866414032730916,44734.0
6284.0,32.0,13.217491755822643,31785.0
1069.0,18.0,12.334363440810932,28379.0
4274.0,29.0,11.082069424753191,30336.0
2123.0,30.0,16.420516209818846,19255.0
3177.0,24.0,12.441300270843165,28613.0
5349.0,37.0,12.91601970076971,30621.0
6116.0,43.0,14.486775767986577,36361.0
4249.0,24.0,14.066568936763668,33991.0
3359.0,23.0,13.833853758175989,32197.0
2116.0,9.0,15.438599046950792,37211.0
2082.0,36.0,8.730389683995051,15517.0
2007.0,19.0,15.106487782055872,16408.0
3703.0,32.0,9.884761266723922,13122.0
3057.0,55.0,12.453113022605635,13214.0
4209.0,17.0,10.845909469754497,44389.0
4871.0,43.0,13.275057510713319,39442.0
3940.0,26.0,14.778580069368534,34908.0
4200.0,28.0,8.664679239649304,26809.0
3612.0,26.0,18.001328952114317,28896.0
2496.0,39.0,15.046348923404828,17699.0
1374.0,17.0,14.363658485339947,29229.0
2782.0,26.0,17.39335928470556,31251.0
4808.0,34.0,14.297940480397429,37698.0
4005.0,21.0,18.04091629310512,45605.0
5095.0,36.0,8.525380517676895,40812.0
4367.0,22.0,15.70140418700003,37876.0
4427.0,22.0,11.892619521993232,24628.0
5034.0,36.0,11.691858069924601,44693.0
3677.0,25.0,12.810104460684892,26164.0
3101.0,28.0,9.416199708219356,33501.0
2425.0,23.0,17.360170902257725,34200.0
3090.0,38.0,11.430685911341866,26899.0
5576.0,41.0,9.261224642998645,40666.0
4051.0,21.0,7.065438162045278,39285.0
2527.0,28.0,12.829877334007358,30953.0
4885.0,41.0,10.41078259024395,37711.0
3815.0,35.0,10.473041187858252,42198.0
3680.0,23.0,14.637510862092896,36442.0
5384.0,38.0,7.159097194240674,37205.0
6023.0,40.0,14.395906480933341,34989.0
5985.0,26.0,10.609686387075662,34098.0
5085.0,52.0,14.018379261915205,30932.0
4044.0,24.0,2.607686633516794,29903.0
2948.0,34.0,9.23377865902566,28008.0
3030.0,30.0,9.173988592448945,18593.0
4314.0,32.0,6.940616030785881,31138.0
5484.0,41.0,13.113805458530155,42308.0
3001.0,30.0,6.396049954152389,12339.0
3707.0,22.0,9.325692972132074,47511.0
5911.0,42.0,9.229644149857618,43664.0
3935.0,29.0,8.709003214694174,37697.0
1828.0,25.0,8.173106711626982,32716.0
4860.0,33.0,10.128835864088066,36900.0
3836.0,30.0,16.094865672639926,43332.0
623.0,24.0,13.218683859323503,15700.0
6346.0,29.0,16.032229393175605,46694.0
2987.0,17.0,13.753104710433497,23159.0
2963.0,25.0,13.005501625974903,24111.0
3050.0,38.0,10.477435231865117,33657.0
1666.0,26.0,19.532017703238044,21732.0
4404.0,34.0,16.44259091820972,22863.0
5980.0,43.0,10.348744465980708,45328.0
3674.0,47.0,9.937331764285464,15498.0
3773.0,17.0,10.05144595431438,35603.0
5144.0,31.0,11.803482202185716,44319.0
6610.0,40.0,12.879431886820035,48715.0
6202.0,32.0,13.836868444649584,64374.0
3484.0,27.0,13.457999583531778,40074.0
3243.0,12.0,6.33917099495354,32976.0
2472.0,16.0,14.233645702080146,21631.0
3078.0,31.0,14.933996746836733,37213.0
2624.0,42.0,12.006721071446014,20003.0
6167.0,34.0,11.73619491825395,46929.0
5480.0,38.0,6.8752128155249235,30136.0
3638.0,42.0,8.431821092570079,38287.0
5501.0,28.0,14.203503308423697,30355.0
6828.0,51.0,13.993074969627733,28025.0
4391.0,36.0,10.743967471158404,34780.0
2470.0,8.0,12.459934001978167,26101.0
3736.0,23.0,13.20162494811315,22390.0
3937.0,46.0,14.937836277284799,23318.0
5086.0,49.0,13.231586420496104,30801.0
5422.0,44.0,13.190445973354262,42200.0
1992.0,21.0,12.564922297366577,14990.0
5661.0,33.0,12.96248825167364,42747.0
3569.0,28.0,15.91545608835265,36759.0
2069.0,24.0,15.827639473549722,24736.0
6852.0,46.0,11.87585566497275,40890.0
4701.0,45.0,12.712875264706398,23232.0
5167.0,35.0,21.465250557977843,57657.0
5896.0,28.0,11.30716419461556,47446.0
3087.0,31.0,16.40746674653537,28547.0
4396.0,26.0,18.014588828084065,41445.0
1655.0,23.0,10.860442740923144,24789.0
5057.0,35.0,9.184882784454434,19643.0
4018.0,17.0,13.009943886673828,50402.0
3721.0,30.0,14.038367907795909,41650.0
4054.0,42.0,12.598770209796443,27576.0
3321.0,26.0,8.30154678687248,34346.0
5741.0,40.0,12.023013285262925,36237.0
4225.0,36.0,16.322853833449376,35771.0
5301.0,34.0,4.995962770888135,33905.0
3215.0,26.0,8.643909456026064,41501.0
4125.0,7.0,10.306212869391945,57644.0
5336.0,32.0,12.0771598772481,34883.0
7182.0,44.0,14.418542519776809,62013.0
5297.0,31.0,8.827123532592498,41494.0
6702.0,36.0,11.182865841380071,33007.0
6515.0,48.0,10.622896136985926,37752.0
5672.0,27.0,17.26839109091957,40119.0
6842.0,52.0,14.9162196067602,40941.0
3421.0,31.0,15.693037406296138,31850.0
3164.0,33.0,12.522069846261171,42433.0
4945.0,32.0,13.126116358694288,44609.0
5285.0,31.0,22.33666441058225,33487.0
5656.0,20.0,6.78677776585534,31841.0
5057.0,38.0,12.890889587525118,52193.0
5153.0,26.0,12.68351188620451,34523.0
5753.0,49.0,8.208288035431881,44037.0
7205.0,54.0,17.02887384773881,38144.0
3893.0,29.0,11.154488262703284,35917.0
3224.0,22.0,15.023974874537014,29893.0
2419.0,36.0,11.23448202638539,17163.0
5212.0,43.0,15.016041860939648,27384.0
4161.0,35.0,16.12496960234317,31922.0
4854.0,49.0,9.933136718596376,26607.0
4121.0,31.0,13.06023380862287,30202.0
4547.0,30.0,14.356298870231395,39186.0
3875.0,20.0,15.71995503377214,27471.0
4437.0,51.0,13.878138528779226,44506.0
2500.0,28.0,12.37763690767444,32889.0
4275.0,28.0,11.427666680423973,39243.0
5046.0,40.0,11.010649779366785,31693.0
4036.0,34.0,17.548499866994636,36508.0
3325.0,22.0,14.00302749338448,30992.0
1818.0,13.0,12.462725784984276,32047.0
4601.0,35.0,12.231359795294559,36769.0
2932.0,25.0,12.345726006776479,34591.0
6064.0,38.0,11.815643921333292,47947.0
2855.0,31.0,14.346574446756373,31211.0
3344.0,37.0,6.955381690720703,22395.0
3556.0,23.0,6.3471408608680155,28268.0
6208.0,53.0,13.451693732272524,19178.0
3097.0,27.0,10.437709043886734,35712.0
1958.0,7.0,16.811841927328633,28979.0
2936.0,19.0,13.959450074459534,23441.0
3524.0,23.0,15.182628913143537,35792.0
6534.0,26.0,13.225733314666739,39731.0
3438.0,28.0,13.692617596498957,35746.0
3142.0,17.0,18.804248477397742,27034.0
5419.0,35.0,7.791114739513874,43136.0
6038.0,45.0,16.55060969756521,40248.0
2915.0,35.0,20.336378022199824,23283.0
5423.0,33.0,14.66984325714764,27094.0
4794.0,41.0,15.662331142186927,40164.0
4552.0,40.0,14.757218299193429,36886.0
3756.0,26.0,12.02941171396908,32028.0
5421.0,39.0,10.606584895639891,26570.0
3933.0,13.0,17.614302631849867,44874.0
5226.0,36.0,11.95388566029777,44835.0
5197.0,28.0,13.573991590619316,43091.0
4114.0,13.0,14.479403706347808,51162.0
4180.0,48.0,8.069957310221943,29824.0
6093.0,34.0,20.426277498650624,24781.0
2681.0,23.0,16.65870241329708,27826.0
4834.0,45.0,11.27330753650536,43592.0
6005.0,43.0,13.091868967522817,45263.0
3080.0,21.0,14.177222985818428,25849.0
3194.0,12.0,17.914502492152028,32537.0
3780.0,37.0,11.56894577409387,21249.0
3234.0,42.0,9.537029617571548,29029.0
5130.0,32.0,9.918971414923321,22714.0
5281.0,34.0,18.204904003623817,13103.0
1153.0,30.0,12.672456289210572,20167.0
3431.0,32.0,6.603251157881322,30104.0
2725.0,31.0,12.144642323268897,43715.0
4995.0,43.0,12.444090847264064,29148.0
4394.0,23.0,13.447127518699721,43230.0
3313.0,16.0,8.621853270880205,28321.0
3981.0,30.0,6.532089620155834,25648.0
4606.0,38.0,13.639053272438684,16296.0
4407.0,26.0,12.812413312411085,44937.0
4206.0,35.0,18.713818013639564,27634.0
3281.0,25.0,13.875969742328271,17527.0
2792.0,28.0,18.09793232725831,31267.0
3493.0,21.0,4.930620552904952,32809.0
5517.0,55.0,20.694195677473598,38236.0
1001.0,21.0,18.62703655388981,9823.0
4681.0,30.0,14.550265341343811,41069.0
6716.0,45.0,15.986991401667094,35198.0
3625.0,23.0,17.450005842043584,37808.0
4508.0,38.0,13.046035724844645,18141.0
2979.0,30.0,6.536095306881124,21700.0
1990.0,26.0,18.086020326362778,23417.0
2887.0,13.0,11.87737380460224,39500.0
3456.0,33.0,18.132998795589224,31886.0
4475.0,33.0,11.784400531790029,32590.0
5976.0,33.0,12.064186580671867,44704.0
5004.0,35.0,13.408866928671673,41077.0
4884.0,50.0,15.595354094346217,26943.0
6685.0,33.0,12.24714995460097,42110.0
1476.0,15.0,12.595280765833191,32160.0
5468.0,40.0,11.973088971184653,33714.0
2919.0,23.0,10.645841118644839,39740.0
6252.0,39.0,12.719761091810557,51306.0
4274.0,33.0,19.417405983823734,32236.0
4703.0,37.0,10.791773544293164,45423.0
5809.0,33.0,12.990661347115335,32715.0
3283.0,15.0,7.343783663101756,41924.0
2475.0,11.0,15.092899402060521,32268.0
2226.0,16.0,14.614433600445642,37598.0
6880.0,29.0,8.734449358959699,58117.0
6836.0,58.0,14.775953785771694,32628.0
3307.0,22.0,11.618159015175584,36982.0
2211.0,19.0,16.11020437423945,28816.0
2854.0,27.0,3.3552999051843475,34285.0
3629.0,29.0,15.390517055303539,35364.0
5973.0,45.0,11.733452879294157,43868.0
5390.0,27.0,11.351808370475183,27397.0
3907.0,47.0,8.587845714446038,48215.0
5778.0,40.0,9.735468605614642,24316.0
5065.0,34.0,12.18291759423935,33750.0
5584.0,42.0,10.902647670657352,41139.0
3189.0,9.0,15.660310447809769,37656.0
2538.0,30.0,11.729265179929522,26017.0
6005.0,34.0,13.201581390799522,35626.0
7196.0,33.0,8.501782152377622,36763.0
6868.0,52.0,11.626110884622769,31373.0
3993.0,26.0,13.212652125017074,18918.0
3427.0,28.0,12.950585773900665,41974.0
4081.0,32.0,13.40073563755308,32475.0
4917.0,38.0,11.549164705496429,29809.0
6478.0,41.0,16.595580501814954,40347.0
3566.0,35.0,15.500929864694598,38733.0
3037.0,24.0,17.91468982793733,31984.0
4481.0,14.0,16.37736230538313,58791.0
3945.0,51.0,14.247038571652674,24083.0
7466.0,60.0,11.376007054765884,33897.0
4981.0,26.0,12.815873180985625,30800.0
3707.0,28.0,13.053376589237365,49552.0
4910.0,36.0,12.237428109336054,35903.0
5337.0,38.0,12.685621190400214,23643.0
4832.0,42.0,15.491402927131423,37801.0
6096.0,29.0,11.235405582562187,56744.0
5851.0,43.0,9.12841604915238,41117.0
3908.0,19.0,15.88496658840417,46800.0
6495.0,39.0,11.713268472286877,29794.0
4485.0,28.0,13.379145781389962,42368.0
2906.0,31.0,14.262681251072893,23914.0
3617.0,34.0,15.852203096054575,44478.0
2502.0,21.0,7.094856556113268,36808.0
7516.0,41.0,10.280174585132416,37661.0
6880.0,26.0,11.14632338571158,53303.0
3603.0,23.0,9.563352051083704,22614.0
5319.0,22.0,15.055398142107068,43773.0
2915.0,26.0,14.23811113755682,26275.0
6996.0,30.0,13.370597064068583,58347.0
4223.0,27.0,15.021968524642196,37652.0
2658.0,33.0,11.750431820326764,39538.0
7487.0,49.0,14.451901033853714,41645.0
4284.0,28.0,17.734866121757825,31538.0
2338.0,29.0,15.281777709670855,23768.0
4367.0,33.0,12.871137968117187,37766.0
3178.0,22.0,18.207082376226715,44148.0
2507.0,24.0,12.049589088809489,22941.0
4496.0,26.0,13.48184216320507,41009.0
4045.0,22.0,14.071335839969466,46543.0
4679.0,43.0,10.739944688332969,38215.0
2833.0,38.0,14.616987954202296,16439.0
2982.0,33.0,15.455461363495226,23445.0
6567.0,64.0,15.199363281926422,40231.0
5669.0,56.0,17.837563451457598,31395.0
5842.0,31.0,9.722048920531684,49527.0
5253.0,34.0,12.23397620892065,37729.0
3241.0,24.0,12.506928339237371,28888.0
2163.0,13.0,9.083603894814447,31975.0
3867.0,31.0,4.733940585071133,23223.0
1173.0,21.0,12.275651334355347,18060.0
2963.0,32.0,19.68308982043328,18307.0
6876.0,34.0,10.585124331616099,31340.0
2607.0,20.0,8.206843799248936,34427.0
2916.0,21.0,14.71715834349008,17821.0
3621.0,28.0,17.478193819743268,16089.0
4915.0,32.0,17.98471853907715,28907.0
2954.0,22.0,12.175128177129027,28624.0
4191.0,25.0,17.99659465066774,46308.0
3954.0,23.0,14.100568568790013,18960.0
1875.0,47.0,17.268709510348724,10757.0
3858.0,29.0,13.950779942488992,17613.0
5767.0,37.0,16.729771516037918,30024.0
5156.0,30.0,16.80646057007025,42191.0
3579.0,27.0,11.307316738565529,22057.0
4555.0,34.0,10.145762969642899,26778.0
3521.0,25.0,11.546934348222287,21835.0
4383.0,38.0,13.817048231371308,12005.0
3414.0,29.0,16.791438366546835,23815.0
5467.0,35.0,15.131533678174375,57043.0
4985.0,25.0,19.959437357578253,41926.0
3585.0,42.0,15.20432916039649,36511.0
4200.0,29.0,17.297632177805525,25762.0
2106.0,23.0,10.915323328294928,32943.0
3501.0,27.0,13.752164342664637,28426.0
5566.0,40.0,11.167662374456981,53215.0
4735.0,14.0,18.733029620087905,52894.0
5139.0,38.0,13.052398481726222,41317.0
3541.0,35.0,16.417555307734787,34063.0
6149.0,37.0,11.441117058268311,44544.0
4071.0,28.0,14.022390606278597,31607.0
4705.0,40.0,6.902678007148363,19514.0
4538.0,35.0,19.07624902117852,41101.0
6203.0,28.0,14.425447167047325,38710.0
5121.0,40.0,12.84518997767119,33335.0
4425.0,29.0,11.916113675739382,29202.0
3011.0,14.0,17.999492425779763,33252.0
6260.0,23.0,20.189230155981257,50945.0
4273.0,23.0,16.553606174182725,42532.0
6958.0,47.0,11.421083610216105,35426.0
2527.0,25.0,14.675171235825637,28966.0
2479.0,19.0,16.723627619941542,28863.0
7768.0,45.0,13.869809227102706,35527.0
3794.0,32.0,18.817352359839468,26521.0
5985.0,43.0,14.672942043514523,48841.0
4608.0,26.0,7.945505346315771,37158.0
2380.0,15.0,8.45146958631139,39916.0
5993.0,40.0,12.94793457471769,43010.0
3636.0,31.0,14.477258502783998,26036.0
4739.0,44.0,13.125588990667305,16567.0
3007.0,22.0,16.13967830942943,49664.0
4166.0,20.0,17.486449758238262,44310.0
3421.0,25.0,13.43101939753799,27004.0
5346.0,41.0,15.060429552559151,44676.0
2979.0,30.0,13.092387962299767,27866.0
7026.0,34.0,12.867755907592054,35419.0
5841.0,36.0,15.036273504357426,48528.0
3941.0,26.0,14.26499641786549,35580.0
3493.0,26.0,11.042704129419016,33745.0
4572.0,21.0,16.632029712317276,38294.0
3691.0,19.0,18.6375281181722,40901.0
2994.0,26.0,13.838525699584576,32549.0
2594.0,24.0,15.88025363445916,34667.0
4222.0,35.0,11.3461020123043,33658.0
5716.0,46.0,18.951472844799476,43921.0
5383.0,38.0,14.415539368780975,39419.0
4156.0,23.0,16.133166953857092,31480.0
3463.0,24.0,9.658672523735106,27513.0
2928.0,20.0,12.384639437823186,40591.0
3449.0,18.0,15.735257629954958,38332.0
3658.0,28.0,15.258040409991164,33572.0
6652.0,49.0,12.495289927903144,40881.0
1020.0,20.0,9.806931033838538,15903.0
3791.0,26.0,13.762830451986707,38848.0
3523.0,29.0,16.079502782199576,25171.0
3678.0,12.0,12.397865578077225,48902.0
4802.0,44.0,14.699356041053878,32404.0
4170.0,28.0,8.844683400482236,33225.0
4264.0,19.0,15.406408260646746,47527.0
5753.0,37.0,7.73330948478399,40339.0
6281.0,42.0,16.64806041323066,36164.0
2620.0,25.0,14.332344464508314,21118.0
232.0,13.0,11.576109982934181,8597.0
6386.0,39.0,14.625164819139636,44752.0
5490.0,45.0,14.952706640784623,29545.0
5123.0,34.0,11.300316098034642,43996.0
4239.0,24.0,11.242509985253228,36789.0
6318.0,52.0,14.64944452782804,41764.0
5145.0,23.0,18.504486053603475,31644.0
1898.0,21.0,10.564831724084499,34308.0
2946.0,49.0,12.809677616118037,29552.0
3678.0,23.0,13.837624518102647,32529.0
4071.0,40.0,12.848663400840776,19802.0
2095.0,18.0,16.395034745648324,26496.0
5304.0,41.0,14.709148597280944,44714.0
3883.0,30.0,12.913509855284298,40035.0
4457.0,14.0,14.653672407564226,59949.0
5107.0,32.0,11.72561422521451,26660.0
3049.0,31.0,8.88743253180191,39414.0
6548.0,45.0,16.948136595811114,47642.0
4430.0,36.0,13.510704522794477,25396.0
3959.0,19.0,5.9153363606777765,24417.0
4234.0,22.0,10.388955083451108,37193.0
2302.0,33.0,13.703384560653848,14678.0
4284.0,31.0,11.121908860216072,27629.0
2829.0,28.0,10.020504982736112,42279.0
3151.0,22.0,16.227843379206913,22613.0
6887.0,48.0,11.256680462541848,46301.0
4017.0,22.0,10.474683092926789,38186.0
4354.0,39.0,18.19107447440811,32065.0
3528.0,30.0,11.122349613381752,32549.0
4135.0,46.0,13.875197709139277,17687.0
4540.0,45.0,7.886892868694947,33317.0
3026.0,40.0,15.606425809164975,23652.0
5501.0,40.0,11.856980867819999,45956.0
5297.0,32.0,13.029234748902638,49013.0
3997.0,13.0,14.463127248617752,37501.0
6017.0,34.0,13.238830577787478,28439.0
4741.0,29.0,11.967663815540089,36473.0
4717.0,41.0,13.48499374782648,30156.0
4502.0,41.0,11.936605771866864,41667.0
2060.0,15.0,13.450596950334893,49080.0
3690.0,29.0,8.471319893781713,44453.0
3727.0,14.0,17.35240562731525,56489.0
6995.0,45.0,11.077355399503489,45538.0
5281.0,39.0,13.898148981779235,55715.0
0.0,13.0,7.713426240688586,13252.0
5899.0,27.0,21.60813388118076,50255.0
4902.0,30.0,17.675315803227317,35289.0
5174.0,41.0,15.914010302644561,37102.0
4749.0,31.0,18.151907290979125,26245.0
4653.0,35.0,19.297710278401084,42970.0
5471.0,28.0,14.358606659031956,39204.0
4318.0,35.0,12.593398344336231,34155.0
5327.0,45.0,17.77427417904692,14193.0
3624.0,34.0,8.086711512254947,15024.0
4531.0,33.0,16.229174687205962,35404.0
5256.0,30.0,16.870788628124675,26450.0
4375.0,30.0,17.754525870386512,35553.0
4608.0,27.0,12.848060961470662,46835.0
3124.0,25.0,15.641460698072294,28629.0
4755.0,30.0,23.141164985793033,28801.0
6012.0,42.0,11.498218584155524,31448.0
3034.0,22.0,9.955377491151504,23924.0
2346.0,35.0,13.455132777117402,37848.0
5136.0,36.0,17.50200177552201,29171.0
4360.0,36.0,11.842317787816787,51505.0
5731.0,42.0,17.110705627595006,53975.0
3849.0,26.0,15.199561523917936,58646.0
4022.0,12.0,9.732243390992368,51608.0
4800.0,22.0,10.740233807692736,30565.0
4201.0,29.0,17.136057474399824,41089.0
6087.0,38.0,10.239538298887075,45644.0
3714.0,27.0,16.356126786667136,20056.0
4071.0,33.0,14.680806524579552,38983.0
2622.0,33.0,15.28361799567838,29659.0
4158.0,44.0,17.6217618414553,29949.0
3600.0,33.0,11.026659986327832,27714.0
3484.0,48.0,12.939740096596031,28460.0
5926.0,25.0,13.229700877251577,50929.0
3719.0,21.0,17.693819670135152,34258.0
4194.0,32.0,10.660544931524953,27600.0
1156.0,18.0,8.425516742358566,13885.0
2510.0,29.0,11.041253445226609,21977.0
3920.0,21.0,15.241885931736245,31686.0
3468.0,27.0,10.276881751062847,36539.0
4826.0,44.0,16.007411434033013,30544.0
4150.0,45.0,12.58534997989014,23185.0
5650.0,31.0,14.884130957572147,56751.0
9412.0,46.0,13.495575719879376,50807.0
4289.0,28.0,14.560211034846198,42421.0
3707.0,26.0,10.97341264212819,16375.0
1899.0,37.0,10.59078810560721,37672.0
2591.0,23.0,14.967288087493957,21963.0
3239.0,33.0,8.191845157059953,24354.0
4639.0,34.0,11.559701003918875,21410.0
5012.0,38.0,13.284217673900933,44138.0
6913.0,44.0,12.007848716522089,26770.0
4434.0,43.0,12.920593711109694,37351.0
5888.0,25.0,10.422580029069714,53733.0
4979.0,33.0,10.794361638425725,34149.0
2987.0,35.0,20.470817979234276,30674.0
5270.0,27.0,14.870629716214028,38075.0
4177.0,16.0,22.424548567061994,55985.0
5278.0,35.0,9.253718136593806,19798.0
3250.0,17.0,18.845507425348895,39677.0
5972.0,47.0,14.106421872608712,44736.0
4641.0,5.0,11.351529342356654,49568.0
3509.0,43.0,14.872858119985459,20903.0
5329.0,35.0,9.866527080135054,18407.0
3910.0,33.0,19.522043783913677,16924.0
2764.0,32.0,13.966327511696983,44835.0
4770.0,28.0,13.225725230987713,29059.0
3783.0,35.0,0.26767074151768583,27477.0
5816.0,35.0,10.223447607309398,41804.0
5138.0,25.0,0.0,35193.0
4789.0,35.0,15.395073831624675,19383.0
4487.0,35.0,11.422211411166447,33033.0
3223.0,20.0,14.671067805196413,28241.0
2779.0,22.0,16.89751409008631,30714.0
6071.0,41.0,15.43865632784492,43644.0
3262.0,32.0,10.914129215795093,30604.0
5086.0,42.0,18.248811502460857,32520.0
5403.0,35.0,14.223495124435226,48698.0
4909.0,33.0,13.993682780601038,49895.0
5109.0,35.0,17.2374371532301,29436.0
3143.0,29.0,16.35544370489059,29090.0
3949.0,34.0,11.288884825307765,27101.0
5556.0,34.0,13.545670732966613,46536.0
4746.0,40.0,16.629072449730046,20108.0
4045.0,23.0,11.680299113518252,42542.0
3836.0,27.0,11.586981325878158,40317.0
5403.0,40.0,9.76312937613457,40383.0
7181.0,37.0,7.191153555666553,50635.0
2861.0,23.0,8.23729949157431,27793.0
3259.0,34.0,12.670013249428822,28644.0
2658.0,16.0,20.14856483042802,20851.0
2092.0,16.0,16.992930547697274,28222.0
2831.0,26.0,11.479925562049706,33042.0
5504.0,30.0,9.467154871075804,30696.0
6652.0,47.0,16.79511790468577,36076.0
4530.0,32.0,10.090933585236519,42996.0
2248.0,27.0,14.832063257863295,46205.0
3234.0,39.0,10.750301311382755,32628.0
3442.0,33.0,12.779884865100161,31824.0
5495.0,46.0,11.1157405854035,31450.0
3380.0,25.0,12.877239357909156,45138.0
5169.0,37.0,12.274344927540437,36053.0
3845.0,14.0,9.540262344308418,30017.0
3740.0,38.0,17.949414179913322,19056.0
5187.0,39.0,10.439391328903723,44326.0
2968.0,24.0,14.750162964854916,31339.0
3094.0,29.0,13.093806634744983,33420.0
2266.0,27.0,8.138507276429403,37355.0
4659.0,35.0,13.797935368498099,30434.0
2972.0,45.0,8.9701346608385,25742.0
3111.0,24.0,11.800231393177086,23727.0
3464.0,27.0,14.88712222099792,24595.0
6530.0,27.0,12.83631824199129,41269.0
3916.0,27.0,15.173147891360735,37186.0
3779.0,26.0,8.399835616796206,37108.0
3770.0,23.0,5.022770278128085,25134.0
3894.0,20.0,11.282909728307198,18451.0
5782.0,48.0,11.141535838538939,24855.0
5649.0,41.0,12.771750150624765,49597.0
5217.0,31.0,10.685511914045165,45394.0
3738.0,22.0,15.024826580880921,33143.0
3638.0,36.0,10.681559990163338,18545.0
5013.0,24.0,13.418101486485233,46715.0
4899.0,55.0,17.122965792195696,11745.0
4210.0,30.0,9.287722519493315,20768.0
2952.0,25.0,9.675422219565101,21921.0
4193.0,29.0,11.287981991523035,19891.0
6274.0,43.0,11.976183827578172,38686.0
5042.0,33.0,6.8757752419461395,31476.0
3081.0,32.0,11.768042449575482,28555.0
2964.0,30.0,13.202653008460423,35033.0
3136.0,29.0,13.689636845888343,30903.0
5866.0,32.0,9.019963196612276,45535.0
3907.0,30.0,13.786564978521705,39500.0
4480.0,39.0,9.742825045081648,23332.0
1744.0,0.0,11.366245761646743,29096.0
4983.0,38.0,15.943845332906665,40726.0
5544.0,25.0,13.076502620201225,34422.0
4066.0,26.0,17.350960170892353,32399.0
3672.0,23.0,18.53064933134086,31648.0
2937.0,34.0,12.081825760257164,26722.0
2826.0,31.0,12.252995175122077,39824.0
4171.0,27.0,21.26917285306427,31328.0
2990.0,14.0,15.072979391394941,27951.0
5572.0,42.0,14.644647110631546,31913.0
6311.0,31.0,13.63206213761297,50275.0
3470.0,18.0,12.821634604569853,36739.0
3444.0,42.0,12.336011682553305,32752.0
4781.0,42.0,15.775559233162156,27655.0
1343.0,32.0,14.248217375094844,0.0
5414.0,27.0,11.084808488289003,50337.0
2829.0,35.0,15.739267456269472,36020.0
6440.0,34.0,10.264860290437154,53135.0
4784.0,20.0,9.438707126567,36932.0
4363.0,20.0,18.361794056483966,46148.0
5160.0,38.0,8.154951609620335,32008.0
5165.0,23.0,9.793596434295065,36390.0
6163.0,38.0,10.106818541332661,40500.0
7022.0,47.0,16.601869167423807,50794.0
5457.0,41.0,15.870913535758216,26233.0
3835.0,26.0,12.59658954598323,32687.0
3534.0,25.0,7.847855498321943,41672.0
6768.0,47.0,14.075811967583839,33484.0
6407.0,23.0,9.45608204976839,55551.0
3902.0,32.0,7.486664593733197,15464.0
4832.0,19.0,15.660146321086897,68742.0
5045.0,26.0,8.107748193169774,46071.0
5079.0,39.0,14.020139671212394,36316.0
4741.0,35.0,13.656641918241936,38208.0
3494.0,19.0,14.310905359124993,27497.0
4602.0,37.0,13.36154599702449,31263.0
4762.0,26.0,11.327935242690137,38166.0
5031.0,45.0,19.569206293066614,21167.0
2851.0,40.0,13.144585869829237,16217.0
3696.0,49.0,15.858666467795858,26248.0
389.0,8.0,11.950239572716434,29648.0
6194.0,36.0,5.3026240259353585,29960.0
4777.0,39.0,15.33353442929199,27191.0
4082.0,38.0,13.335460541680886,34442.0
6060.0,48.0,12.260928931313867,44103.0
3085.0,27.0,18.602029571683893,33010.0
5686.0,29.0,11.640211496268265,32760.0
6813.0,52.0,14.565212902590366,38801.0
6260.0,20.0,8.738913784335784,51765.0
2020.0,34.0,12.474041518080073,19769.0
1704.0,23.0,12.874849269002164,22572.0
3380.0,30.0,16.89565890838709,35677.0
6143.0,37.0,12.141372751689426,28468.0
4926.0,27.0,11.011351848280668,28920.0
5794.0,52.0,9.562578097193335,41440.0
3797.0,27.0,15.968818040181457,22750.0
3090.0,23.0,15.294395378345628,26313.0
4068.0,27.0,11.235458319820227,21451.0
3479.0,32.0,13.680027091316045,39682.0
7056.0,40.0,17.38609278297568,43747.0
2124.0,28.0,13.67173541216831,23839.0
6815.0,50.0,16.0112540918258,36321.0
5055.0,33.0,15.074258271384668,35149.0
5193.0,27.0,15.404724927531642,64388.0
5483.0,61.0,13.77902918727241,11911.0
2033.0,31.0,17.483511747956648,28400.0
4430.0,19.0,9.830123167481325,42487.0
5433.0,31.0,10.740325968946811,36865.0
6924.0,40.0,11.34652523552744,36942.0
4589.0,38.0,13.938857120457879,31893.0
2885.0,23.0,12.358262882975584,36365.0
4391.0,24.0,13.59575863325777,34826.0
5970.0,42.0,9.963463392569714,29205.0
6210.0,35.0,13.474098807904385,42195.0
4844.0,23.0,10.064448097255836,33241.0
8316.0,51.0,13.558630770554817,39873.0
2090.0,20.0,8.273025625552483,42133.0
6065.0,44.0,10.583766795522145,30090.0
2442.0,30.0,14.569759537243343,35690.0
4923.0,35.0,18.346859727220803,31447.0
4426.0,48.0,14.098641398291488,27116.0
4189.0,34.0,15.042956015644043,40804.0
6325.0,51.0,10.02747516477938,37017.0
7886.0,56.0,17.163093336898758,33550.0
4288.0,31.0,10.118458814388575,26738.0
3122.0,18.0,14.732090340195823,40095.0
2722.0,27.0,15.393052780142886,37064.0
4978.0,24.0,13.435350670752955,48679.0
3833.0,19.0,5.991753739758407,24871.0
5908.0,34.0,14.099505902345097,34517.0
2241.0,25.0,14.030425140279261,37434.0
3580.0,35.0,10.913619310125746,29247.0
3850.0,26.0,13.849019962555214,36767.0
3508.0,35.0,13.859939054013415,43591.0
4509.0,37.0,21.343153795513192,34897.0
3790.0,47.0,14.214273077954743,8088.0
3948.0,27.0,18.434981609042417,35900.0
3729.0,44.0,17.69719439790698,32879.0
7196.0,60.0,15.699869466092098,24324.0
2663.0,15.0,11.40178590176398,39896.0
2785.0,15.0,9.916958980691952,39698.0
5782.0,41.0,9.590739850861302,48688.0
3987.0,23.0,13.16903605447166,48186.0
2069.0,14.0,13.353041840754932,24008.0
4670.0,34.0,8.930571957644352,35314.0
3501.0,41.0,10.976379580811846,21519.0
2187.0,26.0,8.217090665342178,39310.0
4702.0,35.0,10.694953976041067,26482.0
1528.0,18.0,12.409107770509584,32202.0
3213.0,31.0,15.16738941602432,38728.0
2746.0,15.0,16.8195742955862,46083.0
6065.0,48.0,16.262137680884415,40403.0
2664.0,22.0,9.268828025929313,53961.0
3429.0,29.0,13.256462512872798,40789.0
5046.0,42.0,12.704576941905758,38041.0
2834.0,33.0,14.880728787091616,29685.0
4826.0,35.0,15.393601860960981,26318.0
5523.0,35.0,12.74479899940694,46685.0
3646.0,33.0,10.987832665926705,49578.0
4926.0,45.0,11.809037604683718,40451.0
4003.0,41.0,11.083582498027791,34801.0
3260.0,15.0,9.172527826648802,36296.0
3748.0,38.0,9.317727228495299,28921.0
1319.0,25.0,17.717025415490568,16043.0
5315.0,30.0,21.616945457987455,26485.0
2864.0,28.0,14.573715108138277,23567.0
4342.0,41.0,20.831483385769403,23423.0
4381.0,27.0,11.143001102426881,44917.0
2908.0,37.0,15.374309955667089,35671.0
3952.0,31.0,11.315620531321493,53082.0
3430.0,36.0,13.919881334172423,23680.0
6290.0,38.0,9.764382026267912,25850.0
5804.0,40.0,15.990577628359619,26915.0
5432.0,40.0,15.970957799359834,38036.0
4731.0,35.0,13.790254793817354,46358.0
4302.0,19.0,11.51500601458699,29677.0
5931.0,35.0,15.7067802518235,26221.0
6972.0,50.0,12.060679163161325,41403.0
