spend,age,income,years_of_education
3304.0,36.0,45125.0,12
3709.0,43.0,41695.0,10
3305.0,47.0,39253.0,17
2170.0,33.0,32384.0,13
2113.0,30.0,33182.0,10
2746.0,41.0,32266.0,12
3230.0,24.0,44988.0,12
2075.0,34.0,30511.0,10
2040.0,38.0,24296.0,11
3188.0,42.0,39386.0,17
3796.0,52.0,48762.0,13
2619.0,63.0,35750.0,10
3240.0,39.0,56311.0,12
3642.0,21.0,41551.0,17
3183.0,28.0,48546.0,11
3647.0,40.0,53112.0,16
3283.0,48.0,21409.0,17
2615.0,33.0,37093.0,15
3478.0,49.0,51532.0,12
3109.0,42.0,35596.0,16
3418.0,41.0,41208.0,10
2350.0,25.0,31587.0,14
3883.0,43.0,55168.0,14
3154.0,28.0,43693.0,13
3237.0,44.0,38622.0,17
3979.0,52.0,44220.0,14
3604.0,49.0,51325.0,10
3054.0,45.0,39267.0,16
3167.0,39.0,53800.0,12
3659.0,33.0,45754.0,16
2614.0,45.0,23241.0,12
3649.0,46.0,40355.0,10
3392.0,33.0,53062.0,14
3307.0,40.0,64359.0,12
2239.0,28.0,37115.0,13
1953.0,35.0,24472.0,10
3477.0,28.0,50803.0,15
3865.0,44.0,42089.0,13
3297.0,25.0,54427.0,12
2731.0,41.0,22809.0,12
3480.0,31.0,42324.0,16
3992.0,44.0,45252.0,15
2905.0,29.0,54853.0,10
3797.0,22.0,44941.0,16
3437.0,49.0,42591.0,11
2879.0,42.0,34946.0,13
3875.0,48.0,46818.0,15
2889.0,50.0,27871.0,13
4022.0,49.0,50454.0,16
3463.0,44.0,60985.0,10
4320.0,49.0,42217.0,16
2498.0,35.0,32128.0,14
3675.0,36.0,55713.0,15
3743.0,55.0,40995.0,11
2198.0,36.0,9333.0,12
4263.0,54.0,47311.0,17
2449.0,47.0,20167.0,10
3057.0,35.0,40461.0,12
3324.0,32.0,55154.0,14
2609.0,37.0,29563.0,16
3747.0,33.0,44746.0,16
2658.0,30.0,14130.0,16
2915.0,33.0,60339.0,10
4072.0,65.0,44290.0,14
2957.0,47.0,22582.0,13
3768.0,40.0,50053.0,16
2696.0,43.0,32317.0,13
3721.0,56.0,57595.0,13
3610.0,42.0,43085.0,11
3764.0,27.0,45527.0,17
2673.0,31.0,33035.0,17
2927.0,60.0,39174.0,16
3307.0,37.0,44947.0,14
3120.0,30.0,59411.0,12
3840.0,40.0,45513.0,15
2654.0,42.0,26385.0,11
3058.0,43.0,38316.0,15
4133.0,40.0,53509.0,16
2805.0,42.0,32277.0,15
3505.0,38.0,42616.0,16
3850.0,36.0,56252.0,17
2447.0,54.0,34264.0,10
3606.0,47.0,44511.0,11
3653.0,54.0,49435.0,13
2245.0,39.0,31048.0,13
3210.0,37.0,69803.0,12
3225.0,32.0,58233.0,10
2294.0,29.0,37110.0,13
3176.0,51.0,22065.0,17
2916.0,37.0,51680.0,10
2265.0,36.0,21340.0,11
2111.0,22.0,36414.0,11
2552.0,42.0,23019.0,12
2687.0,33.0,16920.0,17
2628.0,37.0,36533.0,16
3534.0,28.0,55327.0,14
2337.0,44.0,32495.0,10
1921.0,28.0,36137.0,10
3807.0,39.0,45916.0,17
2189.0,35.0,32794.0,11
2312.0,23.0,39392.0,12
3073.0,34.0,51712.0,13
3037.0,30.0,42028.0,12
3135.0,38.0,48119.0,10
2510.0,51.0,34052.0,10
3871.0,40.0,50451.0,14
3883.0,41.0,42942.0,15
2476.0,31.0,35258.0,16
2327.0,43.0,39073.0,10
3326.0,28.0,49833.0,13
2856.0,50.0,29148.0,14
2560.0,43.0,29717.0,10
2248.0,29.0,25781.0,14
3608.0,49.0,43249.0,11
2856.0,55.0,32457.0,13
2943.0,46.0,29646.0,13
3168.0,41.0,29470.0,17
2514.0,46.0,34558.0,11
2025.0,30.0,34250.0,10
2710.0,59.0,38797.0,13
3355.0,39.0,42204.0,12
2637.0,28.0,21209.0,16
2712.0,50.0,38654.0,11
2818.0,29.0,41435.0,11
2308.0,37.0,28261.0,14
2364.0,50.0,32427.0,10
2106.0,34.0,39355.0,11
3519.0,44.0,60548.0,11
2578.0,48.0,38919.0,12
3134.0,29.0,59185.0,12
3520.0,31.0,49217.0,15
3034.0,42.0,39656.0,15
3022.0,43.0,39582.0,16
2418.0,31.0,36915.0,15
3559.0,48.0,55557.0,12
2760.0,38.0,36501.0,17
2469.0,20.0,31561.0,14
2359.0,36.0,20602.0,14
3536.0,41.0,45332.0,10
2227.0,36.0,36936.0,12
2388.0,62.0,28157.0,12
2106.0,19.0,36046.0,11
2541.0,27.0,33022.0,17
2247.0,34.0,34380.0,13
3743.0,42.0,42306.0,13
3435.0,43.0,44127.0,10
2862.0,41.0,30138.0,14
2996.0,30.0,46581.0,11
3784.0,32.0,46981.0,17
3087.0,35.0,52861.0,11
3066.0,30.0,42262.0,12
2336.0,35.0,36241.0,13
2986.0,55.0,28135.0,16
3108.0,24.0,40794.0,11
2517.0,47.0,28614.0,10
3452.0,26.0,47547.0,13
4222.0,42.0,54572.0,17
1927.0,28.0,18411.0,10
3483.0,40.0,46986.0,11
2612.0,33.0,24010.0,17
2818.0,52.0,38738.0,13
3412.0,42.0,49049.0,11
3183.0,49.0,25810.0,17
2321.0,29.0,39227.0,12
2745.0,35.0,36591.0,16
2172.0,40.0,36421.0,13
3108.0,44.0,37530.0,17
2730.0,68.0,36776.0,13
2653.0,41.0,27517.0,11
3507.0,44.0,49443.0,10
2615.0,26.0,26936.0,17
3726.0,42.0,46676.0,11
3409.0,41.0,25337.0,17
3218.0,39.0,40521.0,11
1836.0,36.0,37338.0,10
2501.0,43.0,23919.0,11
3819.0,51.0,59524.0,13
2417.0,56.0,21776.0,10
2535.0,38.0,36758.0,15
2334.0,27.0,32830.0,12
3754.0,40.0,45651.0,13
4130.0,46.0,49644.0,16
3331.0,57.0,34572.0,17
2699.0,41.0,29801.0,11
3110.0,40.0,21087.0,17
3964.0,50.0,56212.0,14
3629.0,43.0,50301.0,11
3707.0,59.0,52270.0,12
3120.0,34.0,44913.0,11
2646.0,30.0,34527.0,16
3721.0,45.0,48269.0,13
3546.0,40.0,43932.0,10
2047.0,35.0,35701.0,10
3573.0,55.0,53659.0,12
2603.0,32.0,23470.0,17
2644.0,40.0,37547.0,13
2296.0,28.0,32253.0,13
3209.0,33.0,46282.0,12
2647.0,32.0,39450.0,15
2543.0,38.0,39510.0,17
3025.0,46.0,22625.0,16
3558.0,48.0,59478.0,10
3515.0,41.0,44328.0,10
3626.0,56.0,40581.0,11
3455.0,41.0,41742.0,11
3981.0,45.0,43275.0,14
3784.0,28.0,42018.0,17
3669.0,28.0,40892.0,17
2145.0,36.0,28803.0,12
2413.0,36.0,20787.0,16
2614.0,31.0,25912.0,16
2700.0,49.0,35429.0,12
4280.0,43.0,44888.0,17
2019.0,27.0,24478.0,10
2530.0,44.0,16853.0,10
4012.0,58.0,50776.0,15
3002.0,47.0,23512.0,14
2054.0,34.0,37186.0,12
3081.0,37.0,48405.0,10
2993.0,35.0,50037.0,10
2530.0,44.0,39799.0,10
2976.0,41.0,18401.0,15
1957.0,34.0,26802.0,10
3029.0,34.0,40266.0,12
4117.0,44.0,46077.0,17
2363.0,26.0,28403.0,13
2470.0,37.0,21578.0,15
3305.0,36.0,45233.0,12
2967.0,43.0,39680.0,14
3530.0,46.0,50124.0,10
2961.0,50.0,27792.0,14
3065.0,35.0,45724.0,11
2410.0,32.0,29521.0,15
3604.0,43.0,43700.0,11
3069.0,31.0,43160.0,11
3981.0,53.0,47050.0,14
2646.0,52.0,32437.0,10
3636.0,43.0,54840.0,13
3203.0,35.0,47788.0,11
2980.0,60.0,35332.0,16
2762.0,51.0,32473.0,13
3634.0,47.0,56414.0,13
3836.0,58.0,54018.0,13
3005.0,55.0,37694.0,16
3541.0,34.0,43212.0,14
4255.0,46.0,42823.0,17
3644.0,26.0,52887.0,17
2545.0,38.0,30289.0,15
3218.0,36.0,59011.0,13
2741.0,52.0,28285.0,12
4176.0,40.0,53260.0,17
2374.0,36.0,23726.0,16
2014.0,23.0,38390.0,11
2972.0,34.0,45329.0,11
3543.0,34.0,40805.0,17
2913.0,24.0,59547.0,11
2041.0,37.0,33256.0,11
3837.0,48.0,51229.0,11
3072.0,33.0,45590.0,11
3207.0,39.0,45370.0,13
3092.0,38.0,42453.0,11
4223.0,40.0,52665.0,17
3847.0,40.0,47841.0,13
2703.0,30.0,31390.0,16
3504.0,37.0,50688.0,15
2487.0,43.0,31904.0,11
2472.0,52.0,30447.0,10
2361.0,39.0,39048.0,14
2194.0,29.0,27227.0,13
2734.0,30.0,36077.0,17
2378.0,27.0,33655.0,14
3894.0,52.0,54922.0,14
3151.0,38.0,42984.0,11
4035.0,48.0,44601.0,14
2944.0,42.0,31339.0,15
2745.0,43.0,30257.0,13
2096.0,35.0,18887.0,10
2881.0,40.0,26140.0,14
4204.0,41.0,53857.0,16
3093.0,40.0,31670.0,16
2530.0,55.0,32838.0,11
3460.0,53.0,54555.0,11
4110.0,44.0,55705.0,15
2899.0,53.0,26337.0,13
2238.0,28.0,24750.0,13
2953.0,36.0,42323.0,10
3059.0,36.0,45415.0,11
3060.0,33.0,40006.0,11
2906.0,48.0,34986.0,14
3114.0,33.0,54227.0,10
3524.0,34.0,42076.0,15
2516.0,29.0,38411.0,16
2130.0,19.0,37662.0,11
2448.0,60.0,36783.0,11
3396.0,40.0,48641.0,15
3550.0,43.0,46672.0,11
2471.0,30.0,39136.0,16
3001.0,46.0,28305.0,14
3237.0,33.0,42160.0,12
3099.0,37.0,44857.0,10
4003.0,56.0,46498.0,16
2475.0,36.0,27544.0,15
3008.0,53.0,34018.0,15
2793.0,52.0,37650.0,14
2614.0,59.0,28253.0,12
3520.0,53.0,40094.0,10
2828.0,26.0,32165.0,17
2864.0,52.0,28205.0,13
3088.0,29.0,45764.0,10
2363.0,27.0,21873.0,13
4177.0,63.0,44691.0,16
4016.0,42.0,43344.0,14
3042.0,34.0,53187.0,10
3153.0,29.0,44365.0,11
2673.0,30.0,25627.0,17
3396.0,31.0,50268.0,14
2763.0,24.0,31347.0,17
1973.0,37.0,29048.0,11
2456.0,36.0,29890.0,13
2216.0,28.0,33083.0,10
3589.0,24.0,48070.0,17
2653.0,38.0,31704.0,16
2944.0,20.0,58296.0,10
2333.0,39.0,37218.0,14
3734.0,48.0,41732.0,11
3575.0,39.0,46950.0,17
2562.0,47.0,36033.0,10
3018.0,47.0,32856.0,17
4071.0,45.0,40347.0,16
2598.0,44.0,28656.0,11
2073.0,24.0,18864.0,11
3892.0,48.0,52081.0,14
3402.0,34.0,50984.0,17
3957.0,42.0,44659.0,14
2761.0,46.0,27199.0,13
3201.0,61.0,32744.0,16
3397.0,19.0,44569.0,13
2404.0,29.0,26047.0,14
3791.0,31.0,53048.0,17
2926.0,57.0,27534.0,12
3374.0,40.0,42502.0,10
2706.0,38.0,22509.0,17
3662.0,45.0,56637.0,14
3303.0,32.0,49495.0,13
2221.0,37.0,33219.0,13
3691.0,47.0,47854.0,11
2018.0,38.0,34753.0,10
3591.0,33.0,43901.0,17
3052.0,35.0,42847.0,12
2986.0,40.0,36374.0,15
2875.0,49.0,34806.0,13
3514.0,39.0,51132.0,15
4244.0,49.0,46744.0,17
4005.0,53.0,52097.0,15
2432.0,26.0,24729.0,13
2256.0,29.0,24313.0,11
2491.0,38.0,38540.0,16
2867.0,48.0,31931.0,13
2401.0,27.0,38062.0,12
2231.0,34.0,31610.0,13
3797.0,40.0,44051.0,13
3673.0,23.0,52755.0,15
3539.0,42.0,52915.0,11
4021.0,50.0,49456.0,13
3797.0,52.0,47338.0,13
3250.0,28.0,55618.0,12
2698.0,31.0,36892.0,16
3824.0,30.0,55967.0,16
2723.0,49.0,35618.0,11
4203.0,54.0,48484.0,17
3899.0,56.0,47046.0,13
2709.0,44.0,37270.0,12
2575.0,30.0,31139.0,15
3194.0,31.0,49883.0,12
3794.0,39.0,60797.0,17
3653.0,42.0,57104.0,11
3696.0,32.0,48145.0,16
3597.0,36.0,42356.0,17
2049.0,21.0,26777.0,12
3413.0,61.0,61073.0,10
3672.0,40.0,48911.0,17
3045.0,42.0,26608.0,15
2896.0,25.0,48033.0,10
2860.0,33.0,34097.0,17
3498.0,36.0,49282.0,15
3824.0,34.0,53194.0,16
1957.0,34.0,37319.0,10
2713.0,31.0,36328.0,17
2629.0,43.0,22673.0,11
3397.0,24.0,47414.0,15
3117.0,50.0,36390.0,16
2700.0,44.0,30459.0,12
2806.0,45.0,36205.0,13
3806.0,45.0,43453.0,12
2633.0,41.0,29601.0,11
3064.0,43.0,39091.0,15
3948.0,42.0,43630.0,15
3943.0,41.0,48064.0,13
2861.0,29.0,35694.0,17
3429.0,21.0,40109.0,14
3791.0,44.0,44989.0,14
3797.0,55.0,53756.0,14
2709.0,38.0,27862.0,15
3468.0,36.0,52778.0,14
3086.0,61.0,36717.0,15
3163.0,34.0,46177.0,11
3315.0,36.0,48150.0,13
3408.0,77.0,41778.0,10
3402.0,38.0,41254.0,14
2344.0,34.0,32590.0,13
3643.0,31.0,44040.0,16
2764.0,62.0,20837.0,14
2485.0,29.0,36763.0,16
3144.0,32.0,42082.0,14
2346.0,38.0,27161.0,13
2070.0,23.0,34934.0,10
3927.0,44.0,45176.0,13
2531.0,30.0,22164.0,17
2795.0,43.0,25245.0,12
3668.0,51.0,40806.0,13
3245.0,48.0,32412.0,17
3867.0,45.0,44297.0,13
2310.0,33.0,31024.0,15
2876.0,43.0,39652.0,14
3292.0,33.0,41050.0,13
2542.0,46.0,30825.0,11
2915.0,26.0,50323.0,11
2746.0,26.0,36926.0,17
2139.0,35.0,32616.0,10
2632.0,45.0,15439.0,11
4148.0,53.0,45532.0,17
2472.0,39.0,39939.0,14
2624.0,32.0,26708.0,15
2518.0,57.0,37167.0,10
3334.0,24.0,44969.0,13
3285.0,47.0,37917.0,17
2641.0,32.0,18930.0,16
3076.0,26.0,42223.0,11
3385.0,28.0,52082.0,14
2293.0,25.0,27852.0,12
3753.0,47.0,51488.0,11
1939.0,38.0,30566.0,10
3990.0,47.0,54524.0,15
2143.0,27.0,33955.0,10
3340.0,46.0,35212.0,17
2304.0,38.0,39121.0,13
3454.0,21.0,59676.0,15
2816.0,45.0,32195.0,13
2537.0,47.0,32313.0,11
3970.0,55.0,40277.0,14
3227.0,32.0,43665.0,13
2482.0,29.0,33007.0,14
2495.0,53.0,31092.0,11
3823.0,54.0,42201.0,13
3828.0,48.0,46941.0,15
2527.0,37.0,19621.0,16
2913.0,53.0,31337.0,12
2786.0,49.0,37054.0,14
2564.0,36.0,38634.0,16
2460.0,41.0,30208.0,12
3145.0,43.0,37866.0,17
3280.0,34.0,44258.0,13
3066.0,48.0,34257.0,16
3126.0,43.0,22583.0,16
2256.0,40.0,35998.0,12
3711.0,48.0,44622.0,13
3464.0,36.0,48910.0,15
3303.0,37.0,53345.0,14
2649.0,50.0,35714.0,12
3219.0,49.0,28013.0,17
1933.0,33.0,35936.0,11
3298.0,44.0,24733.0,17
3853.0,61.0,46590.0,12
2747.0,30.0,14709.0,16
3550.0,38.0,43983.0,15
2478.0,50.0,29839.0,10
2519.0,39.0,12418.0,16
2186.0,35.0,37558.0,12
2633.0,45.0,35504.0,11
3063.0,50.0,35246.0,16
2980.0,49.0,36657.0,13
3752.0,56.0,48932.0,11
3034.0,47.0,35918.0,16
2081.0,38.0,25427.0,11
3820.0,43.0,42968.0,12
3430.0,30.0,56512.0,15
1920.0,37.0,39145.0,10
3517.0,42.0,43783.0,11
3712.0,46.0,46799.0,13
3455.0,51.0,58349.0,11
2417.0,37.0,37469.0,14
2558.0,39.0,29075.0,15
3741.0,35.0,48409.0,15
1945.0,40.0,37260.0,11
2714.0,30.0,25186.0,17
3747.0,28.0,51809.0,15
3295.0,38.0,45923.0,13
4070.0,47.0,46552.0,16
4002.0,46.0,42101.0,16
2273.0,33.0,37173.0,12
3019.0,33.0,40168.0,10
2834.0,48.0,39778.0,11
3307.0,41.0,26465.0,17
2709.0,55.0,33773.0,13
2949.0,47.0,20343.0,14
3346.0,38.0,44131.0,13
2399.0,34.0,32022.0,16
3064.0,36.0,63290.0,10
3773.0,39.0,43750.0,17
3575.0,60.0,46641.0,11
3415.0,28.0,47950.0,14
2375.0,41.0,38335.0,10
3648.0,60.0,41336.0,13
3928.0,51.0,42580.0,16
3169.0,23.0,47119.0,12
2205.0,38.0,34507.0,13
4115.0,40.0,47206.0,16
2857.0,35.0,37524.0,17
2770.0,49.0,28366.0,14
2702.0,45.0,35855.0,11
3612.0,35.0,60715.0,16
3069.0,37.0,54858.0,11
3740.0,64.0,51355.0,12
2570.0,36.0,27268.0,16
2797.0,46.0,28691.0,14
3128.0,30.0,47022.0,11
2903.0,41.0,27882.0,14
2920.0,39.0,45697.0,11
2569.0,28.0,34286.0,15
3643.0,46.0,41358.0,12
2702.0,25.0,35391.0,17
3510.0,21.0,47815.0,15
2427.0,36.0,32190.0,14
2663.0,32.0,22027.0,17
3020.0,32.0,46717.0,10
3584.0,26.0,53291.0,17
3940.0,61.0,40322.0,15
2358.0,28.0,29585.0,15
2767.0,41.0,33223.0,13
3495.0,32.0,54896.0,14
3734.0,48.0,47116.0,12
3035.0,34.0,43942.0,10
2614.0,39.0,34104.0,17
3991.0,55.0,44169.0,15
3026.0,36.0,48872.0,11
3977.0,57.0,55609.0,15
3621.0,39.0,56298.0,15
3677.0,46.0,42889.0,13
3892.0,55.0,43218.0,14
2522.0,30.0,22508.0,16
3541.0,35.0,42328.0,15
3056.0,55.0,37821.0,15
3005.0,47.0,30697.0,16
3004.0,35.0,51730.0,11
3408.0,29.0,62637.0,14
3164.0,34.0,48213.0,11
2480.0,50.0,25684.0,10
3656.0,43.0,44469.0,12
2134.0,21.0,38076.0,10
3098.0,33.0,41505.0,11
2441.0,44.0,27812.0,10
3104.0,38.0,43387.0,11
3325.0,44.0,31826.0,17
3231.0,36.0,40933.0,11
2558.0,37.0,36150.0,15
3399.0,31.0,47479.0,14
3393.0,26.0,40644.0,12
2987.0,19.0,47713.0,11
3427.0,50.0,46117.0,10
2277.0,38.0,30592.0,13
3546.0,56.0,49599.0,10
4084.0,57.0,46880.0,15
2438.0,38.0,21140.0,14
2923.0,38.0,51714.0,10
3735.0,52.0,49585.0,12
2048.0,34.0,35886.0,10
2537.0,37.0,28242.0,15
3711.0,37.0,41701.0,17
3832.0,49.0,65791.0,14
2876.0,31.0,40505.0,10
2335.0,33.0,29441.0,14
3102.0,40.0,29808.0,16
2676.0,42.0,37034.0,12
3160.0,25.0,40179.0,12
2961.0,29.0,54641.0,11
2221.0,29.0,27801.0,13
3069.0,58.0,34027.0,16
2321.0,40.0,33668.0,14
4008.0,43.0,47237.0,17
2637.0,33.0,26428.0,16
3189.0,61.0,37603.0,17
3652.0,33.0,47360.0,16
3658.0,41.0,59636.0,13
2735.0,57.0,38788.0,10
3189.0,49.0,30826.0,17
3642.0,31.0,53041.0,17
3758.0,47.0,42587.0,12
1970.0,38.0,29375.0,10
3668.0,24.0,44347.0,17
2112.0,40.0,23861.0,12
3840.0,56.0,55277.0,13
2444.0,37.0,32986.0,14
3393.0,41.0,38549.0,17
2989.0,46.0,38881.0,15
2447.0,38.0,28324.0,13
2898.0,46.0,30281.0,14
3652.0,36.0,44481.0,17
3567.0,39.0,41082.0,16
2950.0,42.0,36049.0,15
3551.0,28.0,52860.0,14
4168.0,56.0,45145.0,17
3873.0,44.0,45945.0,17
2478.0,41.0,37417.0,11
3948.0,45.0,58749.0,15
4213.0,41.0,73312.0,16
3853.0,54.0,40491.0,15
2453.0,37.0,31894.0,13
2452.0,32.0,38452.0,15
3637.0,32.0,52062.0,17
4132.0,53.0,40527.0,15
2153.0,40.0,28741.0,13
3659.0,31.0,52445.0,17
2751.0,52.0,36898.0,12
3450.0,35.0,42713.0,13
3557.0,33.0,55150.0,16
2527.0,48.0,38662.0,10
2882.0,57.0,29693.0,13
2974.0,45.0,30858.0,14
2665.0,36.0,35990.0,17
3073.0,25.0,42955.0,11
3464.0,56.0,60564.0,10
2625.0,38.0,22322.0,16
2637.0,49.0,29951.0,11
3662.0,40.0,40972.0,16
3632.0,62.0,47589.0,12
2018.0,36.0,28989.0,10
4144.0,40.0,51775.0,16
3387.0,44.0,65878.0,10
2804.0,37.0,38579.0,17
2372.0,33.0,28475.0,11
3278.0,30.0,42394.0,12
3637.0,34.0,47595.0,16
3630.0,59.0,57481.0,12
4143.0,40.0,43962.0,17
2829.0,50.0,25554.0,13
3342.0,31.0,46555.0,15
2252.0,37.0,35471.0,12
2537.0,53.0,21978.0,11
3553.0,37.0,54981.0,15
3850.0,53.0,52459.0,15
3716.0,39.0,48696.0,16
3074.0,45.0,39471.0,15
3493.0,33.0,51131.0,14
2782.0,48.0,23002.0,13
2987.0,29.0,51461.0,10
4201.0,44.0,43600.0,16
4090.0,46.0,50642.0,16
4055.0,53.0,51489.0,16
2905.0,41.0,36026.0,13
3555.0,40.0,50981.0,11
3210.0,31.0,55671.0,12
3040.0,23.0,60790.0,10
2971.0,42.0,36468.0,15
3151.0,44.0,39094.0,17
2003.0,37.0,17832.0,10
1829.0,37.0,19752.0,10
2132.0,28.0,28438.0,11
3369.0,34.0,47847.0,13
4025.0,48.0,42118.0,14
2360.0,25.0,25660.0,13
3562.0,31.0,57349.0,15
2861.0,52.0,27798.0,13
2696.0,37.0,39572.0,16
2718.0,21.0,31407.0,17
3104.0,51.0,31243.0,16
4185.0,47.0,45749.0,17
2144.0,21.0,33980.0,12
2507.0,30.0,27423.0,14
3603.0,40.0,48235.0,10
2137.0,21.0,39931.0,11
3278.0,36.0,41516.0,12
2907.0,47.0,37767.0,13
2927.0,55.0,37279.0,14
3132.0,32.0,65722.0,11
3282.0,32.0,45818.0,11
3046.0,26.0,40222.0,11
2991.0,48.0,26825.0,15
2222.0,28.0,26095.0,12
3538.0,36.0,47151.0,16
2466.0,38.0,31954.0,14
3812.0,48.0,45293.0,12
3625.0,43.0,51572.0,12
3950.0,44.0,51181.0,15
2992.0,37.0,45755.0,11
3567.0,49.0,46605.0,12
3589.0,44.0,40173.0,11
3362.0,34.0,54160.0,15
3186.0,46.0,38725.0,16
2681.0,35.0,35431.0,17
2703.0,30.0,39415.0,16
2820.0,38.0,29564.0,17
3285.0,53.0,38232.0,17
2865.0,45.0,36528.0,14
3757.0,31.0,40516.0,17
2069.0,37.0,36451.0,11
2681.0,32.0,32955.0,16
1997.0,25.0,29702.0,10
3569.0,50.0,42103.0,10
2571.0,51.0,35011.0,11
2556.0,29.0,36063.0,15
3399.0,23.0,56006.0,14
3880.0,40.0,52935.0,14
3109.0,36.0,40139.0,10
3421.0,40.0,64619.0,14
3221.0,27.0,43566.0,14
2816.0,32.0,38374.0,17
2296.0,33.0,33764.0,14
3255.0,39.0,40789.0,15
2819.0,50.0,34108.0,14
2692.0,40.0,32238.0,12
3189.0,46.0,32285.0,16
2397.0,26.0,33442.0,15
3486.0,32.0,48324.0,14
2255.0,19.0,38235.0,12
2783.0,68.0,39005.0,14
3608.0,50.0,52642.0,11
4027.0,43.0,50572.0,16
3234.0,27.0,42494.0,13
2584.0,30.0,39030.0,15
3062.0,38.0,56650.0,12
2856.0,42.0,30691.0,13
2778.0,45.0,33398.0,13
2758.0,30.0,32812.0,17
2377.0,40.0,31249.0,12
3869.0,43.0,45878.0,13
2615.0,39.0,26413.0,16
4036.0,45.0,52450.0,17
3790.0,41.0,57922.0,13
4049.0,50.0,40200.0,16
2660.0,25.0,28508.0,17
2945.0,48.0,38311.0,14
3215.0,26.0,41814.0,12
2519.0,55.0,23140.0,10
2741.0,48.0,28706.0,13
2216.0,23.0,37076.0,11
3041.0,52.0,34651.0,16
2684.0,33.0,39968.0,16
2457.0,33.0,26484.0,15
2339.0,35.0,32927.0,14
3529.0,36.0,54283.0,15
3111.0,58.0,31401.0,16
2207.0,30.0,39091.0,13
2866.0,42.0,35601.0,12
3781.0,51.0,54641.0,11
3286.0,34.0,46781.0,14
2344.0,40.0,36822.0,13
3211.0,35.0,61588.0,14
3705.0,41.0,44096.0,14
2511.0,46.0,34033.0,11
4270.0,61.0,58931.0,17
3366.0,26.0,46012.0,14
3321.0,28.0,44829.0,12
2745.0,35.0,30600.0,17
2622.0,37.0,38498.0,15
4261.0,51.0,43481.0,17
3489.0,27.0,42530.0,16
2310.0,24.0,33420.0,12
3420.0,47.0,45381.0,11
3271.0,34.0,41410.0,14
2681.0,30.0,36187.0,16
2958.0,47.0,37606.0,16
3771.0,41.0,41561.0,12
3187.0,38.0,45869.0,10
3456.0,35.0,43336.0,16
2618.0,41.0,23893.0,11
3378.0,35.0,46533.0,14
3016.0,44.0,30947.0,15
3090.0,43.0,38794.0,15
3025.0,40.0,37311.0,15
3824.0,58.0,56510.0,14
2763.0,44.0,38696.0,10
3644.0,49.0,42897.0,10
1937.0,33.0,36796.0,10
3941.0,43.0,40110.0,15
4061.0,50.0,52323.0,16
3079.0,20.0,61337.0,12
3335.0,43.0,36379.0,16
3659.0,39.0,49285.0,17
2748.0,27.0,30064.0,17
3125.0,37.0,54991.0,12
3124.0,46.0,35176.0,15
4191.0,53.0,40790.0,17
2311.0,32.0,31886.0,11
3482.0,40.0,40453.0,10
2616.0,40.0,35011.0,17
3954.0,52.0,44456.0,14
2476.0,49.0,25697.0,10
2884.0,44.0,28901.0,13
2899.0,44.0,27248.0,13
2710.0,48.0,36446.0,11
3624.0,53.0,49795.0,10
2551.0,33.0,35881.0,15
3286.0,44.0,16822.0,16
3772.0,54.0,51666.0,15
3071.0,51.0,37640.0,14
2710.0,53.0,36635.0,12
2931.0,23.0,59290.0,10
2700.0,49.0,35944.0,13
3166.0,41.0,38272.0,16
2773.0,55.0,38004.0,13
3641.0,46.0,47270.0,10
2482.0,29.0,33089.0,14
3172.0,38.0,62033.0,12
3548.0,33.0,42770.0,13
3545.0,43.0,47759.0,11
2797.0,24.0,22920.0,15
1904.0,31.0,37685.0,10
2995.0,28.0,44021.0,10
3397.0,19.0,51875.0,14
4172.0,48.0,47028.0,17
2665.0,33.0,35801.0,16
3514.0,52.0,43927.0,11
2915.0,43.0,39553.0,13
3720.0,41.0,41032.0,12
2434.0,42.0,29748.0,10
2167.0,27.0,37189.0,12
2074.0,21.0,30848.0,11
3099.0,39.0,45174.0,11
3561.0,50.0,48936.0,11
4054.0,45.0,54286.0,16
3412.0,19.0,43268.0,15
2737.0,33.0,18961.0,16
2787.0,37.0,40503.0,10
2719.0,32.0,37118.0,17
2652.0,27.0,28631.0,17
3824.0,44.0,46508.0,12
2959.0,52.0,39736.0,14
3400.0,43.0,38072.0,17
3888.0,46.0,57709.0,14
2922.0,40.0,38996.0,16
3664.0,47.0,51870.0,12
3254.0,31.0,40869.0,14
3350.0,26.0,42599.0,14
2989.0,45.0,21435.0,16
3669.0,27.0,40415.0,17
3525.0,34.0,45138.0,14
2656.0,43.0,36995.0,11
2430.0,20.0,29147.0,14
2541.0,53.0,20633.0,11
2621.0,46.0,36532.0,11
2993.0,33.0,58845.0,11
1960.0,36.0,29295.0,10
3953.0,41.0,53072.0,14
3440.0,37.0,40794.0,15
3839.0,54.0,48918.0,14
3372.0,46.0,58768.0,11
3199.0,43.0,34106.0,17
2695.0,38.0,28757.0,16
2524.0,27.0,25394.0,15
3709.0,51.0,56961.0,12
2388.0,39.0,25455.0,16
3030.0,47.0,30058.0,16
2458.0,33.0,34574.0,16
3913.0,42.0,42268.0,14
3708.0,30.0,65755.0,17
3546.0,32.0,48790.0,16
3563.0,41.0,42936.0,10
3572.0,36.0,40608.0,16
3521.0,39.0,45167.0,16
3510.0,46.0,58522.0,12
2761.0,51.0,20806.0,13
2646.0,40.0,27158.0,11
2430.0,37.0,35333.0,13
3133.0,43.0,26722.0,16
3407.0,29.0,51987.0,15
2900.0,46.0,34443.0,12
3683.0,42.0,50200.0,13
3010.0,41.0,26544.0,15
3110.0,32.0,46869.0,10
2452.0,25.0,29839.0,15
4240.0,41.0,42109.0,17
3366.0,37.0,40156.0,16
2162.0,31.0,38924.0,12
3367.0,32.0,52904.0,13
3985.0,45.0,42942.0,14
2507.0,35.0,34312.0,15
2124.0,23.0,39385.0,10
3064.0,30.0,50854.0,13
3475.0,39.0,50216.0,16
3382.0,34.0,62137.0,14
2346.0,30.0,37062.0,13
2006.0,35.0,35172.0,10
3092.0,31.0,47503.0,10
2069.0,33.0,35190.0,11
4248.0,54.0,44631.0,17
3257.0,58.0,30225.0,16
3003.0,39.0,46711.0,10
3672.0,38.0,51681.0,17
3429.0,39.0,47910.0,14
3635.0,46.0,42833.0,10
1980.0,34.0,24257.0,11
3230.0,24.0,49541.0,13
3470.0,23.0,56276.0,15
3559.0,44.0,40099.0,11
3714.0,28.0,50494.0,17
3719.0,54.0,47511.0,13
2079.0,34.0,29889.0,10
2613.0,33.0,35076.0,16
3349.0,34.0,40033.0,13
2560.0,30.0,30195.0,16
2418.0,43.0,31931.0,10
3775.0,37.0,50493.0,16
3051.0,26.0,49595.0,12
3512.0,34.0,66042.0,14
2420.0,39.0,35792.0,14
1961.0,39.0,32887.0,11
2092.0,34.0,29636.0,12
2648.0,40.0,25423.0,11
3622.0,31.0,52557.0,17
2428.0,32.0,35818.0,13
2437.0,33.0,39935.0,15
3613.0,38.0,44836.0,17
3785.0,52.0,54869.0,14
2915.0,41.0,30276.0,15
2634.0,38.0,31741.0,16
3304.0,33.0,40068.0,12
3910.0,58.0,50040.0,13
2208.0,34.0,29575.0,12
3773.0,44.0,64377.0,12
2065.0,37.0,29017.0,10
3585.0,27.0,44447.0,15
3619.0,33.0,52866.0,15
2476.0,44.0,29301.0,11
3315.0,27.0,42294.0,13
3138.0,48.0,35268.0,16
2479.0,51.0,22236.0,10
2780.0,43.0,30217.0,12
4175.0,40.0,54456.0,17
2842.0,52.0,16365.0,13
2198.0,39.0,37015.0,12
2177.0,40.0,39277.0,12
3875.0,28.0,40982.0,17
3487.0,46.0,48913.0,10
2259.0,33.0,32193.0,12
1990.0,35.0,34778.0,10
4107.0,57.0,41117.0,15
3049.0,51.0,35306.0,17
3487.0,41.0,49210.0,10
2875.0,48.0,24401.0,12
3514.0,38.0,46764.0,15
3625.0,50.0,44231.0,10
4325.0,42.0,51290.0,17
3268.0,36.0,56400.0,12
3748.0,31.0,50641.0,16
3866.0,47.0,42256.0,16
3644.0,46.0,54016.0,11
2922.0,38.0,52534.0,10
2489.0,36.0,37017.0,17
2797.0,48.0,36876.0,13
2147.0,34.0,19223.0,12
2200.0,39.0,11247.0,13
2427.0,18.0,27856.0,15
3711.0,42.0,52659.0,12
3282.0,48.0,38708.0,17
2433.0,47.0,24741.0,10
3041.0,48.0,33580.0,15
2159.0,33.0,30485.0,12
3413.0,44.0,54350.0,10
2517.0,38.0,28030.0,14
2854.0,45.0,33472.0,13
3389.0,24.0,50674.0,13
3121.0,30.0,50103.0,11
3237.0,30.0,50350.0,11
3864.0,41.0,62894.0,14
4422.0,48.0,40900.0,17
3090.0,39.0,43585.0,13
2099.0,37.0,39251.0,10
2747.0,44.0,23670.0,13
3420.0,29.0,40906.0,13
3011.0,42.0,33388.0,14
3805.0,62.0,48381.0,13
3106.0,42.0,35495.0,16
3568.0,44.0,46800.0,11
2739.0,49.0,33935.0,12
3450.0,42.0,34895.0,17
3047.0,41.0,39177.0,14
3531.0,33.0,48516.0,16
3407.0,20.0,43972.0,15
2405.0,33.0,37775.0,14
3510.0,26.0,43994.0,15
3243.0,33.0,45553.0,10
3558.0,26.0,52081.0,14
2983.0,34.0,47069.0,11
3569.0,44.0,50592.0,10
2931.0,42.0,32561.0,16
2732.0,41.0,36512.0,12
2380.0,43.0,18131.0,10
3550.0,44.0,42910.0,13
4100.0,45.0,54407.0,16
3739.0,56.0,45123.0,14
